id_registro,municipio,cultivo,periodo,area_sembrada_ha,area_cosechada_ha,produccion_t,rendimiento_t_ha,tipo_anomalia
76001_cana_de_azucar_2019_permanente_cana_o_verde,Santiago de Cali,Caña,2019,4650.0,4650.0,465000.0,100.0,Anomalia multivariada (Isolation Forest)
76001_cana_de_azucar_2020_permanente_cana_o_verde,Santiago de Cali,Caña,2020,4650.0,4650.0,465000.0,100.0,Anomalia multivariada (Isolation Forest)
76001_cana_de_azucar_2021_permanente_cana_o_verde,Santiago de Cali,Caña,2021,4650.0,4650.0,464953.5,99.99,Anomalia multivariada (Isolation Forest)
76001_cana_de_azucar_2022_permanente_cana_o_verde,Santiago de Cali,Caña,2022,4650.0,4650.0,465000.0,100.0,Anomalia multivariada (Isolation Forest)
76001_cana_de_azucar_2023_permanente_cana_o_verde,Santiago de Cali,Caña,2023,4650.0,4650.0,465000.0,100.0,Anomalia multivariada (Isolation Forest)
76001_cana_de_azucar_2024_permanente_cana_o_verde,Santiago de Cali,Caña,2024,4650.0,4650.0,465000.0,100.0,Anomalia multivariada (Isolation Forest)
76036_cana_de_azucar_2019_permanente_cana_o_verde,Andalucía,Caña,2019,4160.0,4060.0,385700.0,95.0,Anomalia multivariada (Isolation Forest)
76036_cana_de_azucar_2020_permanente_cana_o_verde,Andalucía,Caña,2020,4176.52,4166.52,395819.4,95.0,Anomalia multivariada (Isolation Forest)
76036_cana_de_azucar_2021_permanente_cana_o_verde,Andalucía,Caña,2021,4226.52,4176.52,501182.4,120.0,Anomalia multivariada (Isolation Forest)
76036_cana_de_azucar_2022_permanente_cana_o_verde,Andalucía,Caña,2022,4241.52,4221.52,506582.4,120.0,Anomalia multivariada (Isolation Forest)
76036_cana_de_azucar_2023_permanente_cana_o_verde,Andalucía,Caña,2023,4271.52,4231.52,507782.4,120.0,Anomalia multivariada (Isolation Forest)
76036_cana_de_azucar_2024_permanente_cana_o_verde,Andalucía,Caña,2024,4271.52,4271.52,512582.4,120.0,Anomalia multivariada (Isolation Forest)
76041_cana_de_azucar_2019_permanente_cana_o_verde,Ansermanuevo,Caña,2019,1483.0,1483.0,222450.0,150.0,Anomalia multivariada (Isolation Forest)
76041_cana_de_azucar_2020_permanente_cana_o_verde,Ansermanuevo,Caña,2020,1625.0,1483.0,222450.0,150.0,Anomalia multivariada (Isolation Forest)
76041_cana_de_azucar_2021_permanente_cana_o_verde,Ansermanuevo,Caña,2021,1775.0,1625.0,243750.0,150.0,Anomalia multivariada (Isolation Forest)
76041_cana_de_azucar_2022_permanente_cana_o_verde,Ansermanuevo,Caña,2022,1775.0,1775.0,266250.0,150.0,Anomalia multivariada (Isolation Forest)
76041_cana_de_azucar_2023_permanente_cana_o_verde,Ansermanuevo,Caña,2023,1775.0,1775.0,218325.0,123.0,Anomalia multivariada (Isolation Forest)
76041_cana_de_azucar_2024_permanente_cana_o_verde,Ansermanuevo,Caña,2024,1775.0,1775.0,218325.0,123.0,Anomalia multivariada (Isolation Forest)
76100_aguacate_hass_2021_permanente_en_fresco,Bolívar,Aguacate,2021,4249.0,2149.0,17192.0,8.0,Anomalia multivariada (Isolation Forest)
76100_aguacate_hass_2022_permanente_en_fresco,Bolívar,Aguacate,2022,4329.0,4231.0,33848.0,8.0,Anomalia multivariada (Isolation Forest)
76100_aguacate_hass_2023_permanente_en_fresco,Bolívar,Aguacate,2023,4189.0,4031.0,32248.0,8.0,Anomalia multivariada (Isolation Forest)
76100_aguacate_hass_2024_permanente_en_fresco,Bolívar,Aguacate,2024,4189.0,4189.0,33512.0,8.0,Anomalia multivariada (Isolation Forest)
76111_cana_de_azucar_2019_permanente_cana_o_verde,Guadalajara de Buga,Caña,2019,7786.0,7786.0,895390.0,115.0,Anomalia multivariada (Isolation Forest)
76111_cana_de_azucar_2020_permanente_cana_o_verde,Guadalajara de Buga,Caña,2020,7796.0,7786.0,857560.0,110.14,Anomalia multivariada (Isolation Forest)
76111_cana_de_azucar_2021_permanente_cana_o_verde,Guadalajara de Buga,Caña,2021,7796.0,6682.0,935480.0,140.0,Anomalia multivariada (Isolation Forest)
76111_cana_de_azucar_2022_permanente_cana_o_verde,Guadalajara de Buga,Caña,2022,7796.0,7796.0,935520.0,120.0,Anomalia multivariada (Isolation Forest)
76111_cana_de_azucar_2023_permanente_cana_o_verde,Guadalajara de Buga,Caña,2023,8116.0,7796.0,935520.0,120.0,Anomalia multivariada (Isolation Forest)
76111_cana_de_azucar_2024_permanente_cana_o_verde,Guadalajara de Buga,Caña,2024,8116.0,7866.0,1022580.0,130.0,Anomalia multivariada (Isolation Forest)
76113_cana_de_azucar_2019_permanente_cana_o_verde,Bugalagrande,Caña,2019,9165.0,9165.0,1118130.0,122.0,Anomalia multivariada (Isolation Forest)
76113_cana_de_azucar_2020_permanente_cana_o_verde,Bugalagrande,Caña,2020,9165.0,9165.0,1118130.0,122.0,Anomalia multivariada (Isolation Forest)
76113_cana_de_azucar_2021_permanente_cana_o_verde,Bugalagrande,Caña,2021,9149.0,9141.0,1247206.27,136.44,Anomalia multivariada (Isolation Forest)
76113_cana_de_azucar_2022_permanente_cana_o_verde,Bugalagrande,Caña,2022,9149.0,9149.0,1463840.0,160.0,Anomalia multivariada (Isolation Forest)
76113_cana_de_azucar_2023_permanente_cana_o_verde,Bugalagrande,Caña,2023,9149.0,9149.0,1463840.0,160.0,Anomalia multivariada (Isolation Forest)
76113_cana_de_azucar_2024_permanente_cana_o_verde,Bugalagrande,Caña,2024,9149.0,9149.0,1463840.0,160.0,Anomalia multivariada (Isolation Forest)
76130_cana_de_azucar_2019_permanente_cana_o_verde,Candelaria,Caña,2019,24700.0,21172.0,2752360.0,130.0,Anomalia multivariada (Isolation Forest)
76130_cana_de_azucar_2020_permanente_cana_o_verde,Candelaria,Caña,2020,24700.0,21172.0,2752360.0,130.0,Anomalia multivariada (Isolation Forest)
76130_cana_de_azucar_2021_permanente_cana_o_verde,Candelaria,Caña,2021,24701.0,21701.0,2604120.0,120.0,Anomalia multivariada (Isolation Forest)
76130_cana_de_azucar_2022_permanente_cana_o_verde,Candelaria,Caña,2022,24691.0,24681.0,2961720.0,120.0,Anomalia multivariada (Isolation Forest)
76130_cana_de_azucar_2023_permanente_cana_o_verde,Candelaria,Caña,2023,25391.0,24691.0,3012302.0,122.0,Anomalia multivariada (Isolation Forest)
76130_cana_de_azucar_2024_permanente_cana_o_verde,Candelaria,Caña,2024,25391.0,25391.0,3097702.0,122.0,Anomalia multivariada (Isolation Forest)
76147_cana_de_azucar_2019_permanente_cana_o_verde,Cartago,Caña,2019,4302.8,4202.8,533755.6,127.0,Anomalia multivariada (Isolation Forest)
76147_cana_de_azucar_2020_permanente_cana_o_verde,Cartago,Caña,2020,4302.8,4302.08,546455.6,127.02,Anomalia multivariada (Isolation Forest)
76147_cana_de_azucar_2021_permanente_cana_o_verde,Cartago,Caña,2021,4322.8,4302.8,528018.1,122.71,Anomalia multivariada (Isolation Forest)
76147_cana_de_azucar_2022_permanente_cana_o_verde,Cartago,Caña,2022,4372.8,4322.8,648420.0,150.0,Anomalia multivariada (Isolation Forest)
76147_cana_de_azucar_2023_permanente_cana_o_verde,Cartago,Caña,2023,4372.8,4372.8,655920.0,150.0,Anomalia multivariada (Isolation Forest)
76147_cana_de_azucar_2024_permanente_cana_o_verde,Cartago,Caña,2024,4372.8,4372.8,655920.0,150.0,Anomalia multivariada (Isolation Forest)
76243_cafe_2019_permanente_pergamino_o_seco_de_trilla,El Águila,Café,2019,4804.0,3722.0,4872.0,1.31,Anomalia multivariada (Isolation Forest)
76243_cafe_2020_permanente_pergamino_o_seco_de_trilla,El Águila,Café,2020,4782.0,3828.0,4632.0,1.21,Anomalia multivariada (Isolation Forest)
76243_cafe_2021_permanente_pergamino_o_seco_de_trilla,El Águila,Café,2021,4842.66,3980.66,3423.37,0.86,Anomalia multivariada (Isolation Forest)
76243_cafe_2022_permanente_pergamino_o_seco_de_trilla,El Águila,Café,2022,4907.74,4071.75,3290.76,0.81,Anomalia multivariada (Isolation Forest)
76243_cafe_2023_permanente_pergamino_o_seco_de_trilla,El Águila,Café,2023,4929.77,4047.68,3862.6,0.95,Anomalia multivariada (Isolation Forest)
76243_cafe_2024_permanente_pergamino_o_seco_de_trilla,El Águila,Café,2024,4959.64,3914.83,4603.21,1.18,Anomalia multivariada (Isolation Forest)
76248_cana_de_azucar_2019_permanente_cana_o_verde,El Cerrito,Caña,2019,16965.0,16965.0,2035800.0,120.0,Anomalia multivariada (Isolation Forest)
76248_cana_de_azucar_2020_permanente_cana_o_verde,El Cerrito,Caña,2020,16965.0,16965.0,2035800.0,120.0,Anomalia multivariada (Isolation Forest)
76248_cana_de_azucar_2021_permanente_cana_o_verde,El Cerrito,Caña,2021,16965.0,16965.0,2035800.0,120.0,Anomalia multivariada (Isolation Forest)
76248_cana_de_azucar_2022_permanente_cana_o_verde,El Cerrito,Caña,2022,16965.0,16965.0,2035800.0,120.0,Anomalia multivariada (Isolation Forest)
76248_cana_de_azucar_2023_permanente_cana_o_verde,El Cerrito,Caña,2023,16965.0,16965.0,2035800.0,120.0,Anomalia multivariada (Isolation Forest)
76248_cana_de_azucar_2024_permanente_cana_o_verde,El Cerrito,Caña,2024,16965.0,16965.0,2035800.0,120.0,Anomalia multivariada (Isolation Forest)
76275_cana_de_azucar_2019_permanente_cana_o_verde,Florida,Caña,2019,10120.0,10120.0,1315600.0,130.0,Anomalia multivariada (Isolation Forest)
76275_cana_de_azucar_2020_permanente_cana_o_verde,Florida,Caña,2020,10120.0,10120.0,1315600.0,130.0,Anomalia multivariada (Isolation Forest)
76275_cana_de_azucar_2021_permanente_cana_o_verde,Florida,Caña,2021,10120.0,10120.0,1265000.0,125.0,Anomalia multivariada (Isolation Forest)
76275_cana_de_azucar_2022_permanente_cana_o_verde,Florida,Caña,2022,11131.45,10119.45,1254811.8,124.0,Anomalia multivariada (Isolation Forest)
76275_cana_de_azucar_2023_permanente_cana_o_verde,Florida,Caña,2023,12181.45,10986.45,1362319.8,124.0,Anomalia multivariada (Isolation Forest)
76275_cana_de_azucar_2024_permanente_cana_o_verde,Florida,Caña,2024,12911.45,12181.45,1510499.8,124.0,Anomalia multivariada (Isolation Forest)
76306_cana_de_azucar_2019_permanente_cana_o_verde,Ginebra,Caña,2019,3300.0,3300.0,356400.0,108.0,Anomalia multivariada (Isolation Forest)
76306_cana_de_azucar_2020_permanente_cana_o_verde,Ginebra,Caña,2020,3300.0,3300.0,356400.0,108.0,Anomalia multivariada (Isolation Forest)
76306_cana_de_azucar_2021_permanente_cana_o_verde,Ginebra,Caña,2021,3300.0,3300.0,494950.5,149.99,Anomalia multivariada (Isolation Forest)
76306_cana_de_azucar_2022_permanente_cana_o_verde,Ginebra,Caña,2022,3200.0,2000.0,180000.0,90.0,Anomalia multivariada (Isolation Forest)
76306_cana_de_azucar_2023_permanente_cana_o_verde,Ginebra,Caña,2023,3200.0,3000.0,276000.0,92.0,Anomalia multivariada (Isolation Forest)
76306_cana_de_azucar_2024_permanente_cana_o_verde,Ginebra,Caña,2024,3200.0,3200.0,294400.0,92.0,Anomalia multivariada (Isolation Forest)
76318_cana_de_azucar_2019_permanente_cana_o_verde,Guacarí,Caña,2019,13234.0,13156.0,1683968.0,128.0,Anomalia multivariada (Isolation Forest)
76318_cana_de_azucar_2020_permanente_cana_o_verde,Guacarí,Caña,2020,13271.0,13193.0,1688704.0,128.0,Anomalia multivariada (Isolation Forest)
76318_cana_de_azucar_2021_permanente_cana_o_verde,Guacarí,Caña,2021,13308.0,13230.0,1683649.8,127.26,Anomalia multivariada (Isolation Forest)
76318_cana_de_azucar_2022_permanente_cana_o_verde,Guacarí,Caña,2022,13308.0,13308.0,1730040.0,130.0,Anomalia multivariada (Isolation Forest)
76318_cana_de_azucar_2023_permanente_cana_o_verde,Guacarí,Caña,2023,13308.0,13308.0,1703424.0,128.0,Anomalia multivariada (Isolation Forest)
76318_cana_de_azucar_2024_permanente_cana_o_verde,Guacarí,Caña,2024,13311.0,13308.0,1703424.0,128.0,Anomalia multivariada (Isolation Forest)
76364_cana_de_azucar_2019_permanente_cana_o_verde,Jamundí,Caña,2019,9217.0,9207.0,828630.0,90.0,Anomalia multivariada (Isolation Forest)
76364_cana_de_azucar_2020_permanente_cana_o_verde,Jamundí,Caña,2020,9237.0,9217.0,829530.0,90.0,Anomalia multivariada (Isolation Forest)
76364_cana_de_azucar_2021_permanente_cana_o_verde,Jamundí,Caña,2021,9237.0,9237.0,1016070.0,110.0,Anomalia multivariada (Isolation Forest)
76364_cana_de_azucar_2022_permanente_cana_o_verde,Jamundí,Caña,2022,9237.0,9237.0,1016070.0,110.0,Anomalia multivariada (Isolation Forest)
76364_cana_de_azucar_2023_permanente_cana_o_verde,Jamundí,Caña,2023,9237.0,9237.0,1016070.0,110.0,Anomalia multivariada (Isolation Forest)
76364_cana_de_azucar_2024_permanente_cana_o_verde,Jamundí,Caña,2024,9240.0,9237.0,1016070.0,110.0,Anomalia multivariada (Isolation Forest)
76400_cana_de_azucar_2019_permanente_cana_o_verde,La Unión,Caña,2019,1790.0,1790.0,229120.0,128.0,Anomalia multivariada (Isolation Forest)
76400_cana_de_azucar_2021_permanente_cana_o_verde,La Unión,Caña,2021,1790.0,1790.0,208270.08,116.35,Anomalia multivariada (Isolation Forest)
76400_cana_de_azucar_2022_permanente_cana_o_verde,La Unión,Caña,2022,1790.0,1790.0,206642.97,115.44,Anomalia multivariada (Isolation Forest)
76400_cana_de_azucar_2023_permanente_cana_o_verde,La Unión,Caña,2023,1790.0,1790.0,214800.0,120.0,Anomalia multivariada (Isolation Forest)
76400_cana_de_azucar_2024_permanente_cana_o_verde,La Unión,Caña,2024,1916.0,1807.0,216840.0,120.0,Anomalia multivariada (Isolation Forest)
76403_cana_de_azucar_2022_permanente_cana_o_verde,La Victoria,Caña,2022,1575.0,1575.0,196875.0,125.0,Anomalia multivariada (Isolation Forest)
76403_cana_de_azucar_2023_permanente_cana_o_verde,La Victoria,Caña,2023,1575.0,1575.0,189000.0,120.0,Anomalia multivariada (Isolation Forest)
76403_cana_de_azucar_2024_permanente_cana_o_verde,La Victoria,Caña,2024,1725.0,1575.0,189000.0,120.0,Anomalia multivariada (Isolation Forest)
76497_cana_de_azucar_2019_permanente_cana_o_verde,Obando,Caña,2019,8283.0,5275.0,643550.0,122.0,Anomalia multivariada (Isolation Forest)
76497_cana_de_azucar_2020_permanente_cana_o_verde,Obando,Caña,2020,8283.0,8283.0,1010526.0,122.0,Anomalia multivariada (Isolation Forest)
76497_cana_de_azucar_2021_permanente_cana_o_verde,Obando,Caña,2021,8463.0,8383.0,1021099.7,121.81,Anomalia multivariada (Isolation Forest)
76497_cana_de_azucar_2022_permanente_cana_o_verde,Obando,Caña,2022,8463.0,6463.0,782023.0,121.0,Anomalia multivariada (Isolation Forest)
76497_cana_de_azucar_2023_permanente_cana_o_verde,Obando,Caña,2023,8463.0,8163.0,979560.0,120.0,Anomalia multivariada (Isolation Forest)
76497_cana_de_azucar_2024_permanente_cana_o_verde,Obando,Caña,2024,8463.0,8463.0,1015560.0,120.0,Anomalia multivariada (Isolation Forest)
76520_cana_de_azucar_2019_permanente_cana_o_verde,Palmira,Caña,2019,33900.0,33900.0,4407000.0,130.0,Anomalia multivariada (Isolation Forest)
76520_cana_de_azucar_2020_permanente_cana_o_verde,Palmira,Caña,2020,33900.0,33900.0,4402306.84,129.86,Anomalia multivariada (Isolation Forest)
76520_cana_de_azucar_2021_permanente_cana_o_verde,Palmira,Caña,2021,33900.0,33900.0,4776340.5,140.9,Anomalia multivariada (Isolation Forest)
76520_cana_de_azucar_2022_permanente_cana_o_verde,Palmira,Caña,2022,33900.0,33900.0,4746000.0,140.0,Anomalia multivariada (Isolation Forest)
76520_cana_de_azucar_2023_permanente_cana_o_verde,Palmira,Caña,2023,33900.0,33900.0,4746000.0,140.0,Anomalia multivariada (Isolation Forest)
76520_cana_de_azucar_2024_permanente_cana_o_verde,Palmira,Caña,2024,33990.0,33900.0,4746000.0,140.0,Anomalia multivariada (Isolation Forest)
76563_cana_de_azucar_2019_permanente_cana_o_verde,Pradera,Caña,2019,10525.0,10525.0,1157750.0,110.0,Anomalia multivariada (Isolation Forest)
76563_cana_de_azucar_2020_permanente_cana_o_verde,Pradera,Caña,2020,10525.0,10525.0,1157750.0,110.0,Anomalia multivariada (Isolation Forest)
76563_cana_de_azucar_2021_permanente_cana_o_verde,Pradera,Caña,2021,10550.0,10550.0,1150794.0,109.08,Anomalia multivariada (Isolation Forest)
76563_cana_de_azucar_2022_permanente_cana_o_verde,Pradera,Caña,2022,10540.0,10540.0,1159400.0,110.0,Anomalia multivariada (Isolation Forest)
76563_cana_de_azucar_2023_permanente_cana_o_verde,Pradera,Caña,2023,10540.0,10540.0,1264800.0,120.0,Anomalia multivariada (Isolation Forest)
76563_cana_de_azucar_2024_permanente_cana_o_verde,Pradera,Caña,2024,10540.0,10540.0,1264800.0,120.0,Anomalia multivariada (Isolation Forest)
76616_cana_de_azucar_2019_permanente_cana_o_verde,Riofrío,Caña,2019,2870.0,2520.0,252000.0,100.0,Anomalia multivariada (Isolation Forest)
76616_cana_de_azucar_2020_permanente_cana_o_verde,Riofrío,Caña,2020,2870.0,2520.0,252000.0,100.0,Anomalia multivariada (Isolation Forest)
76616_cana_de_azucar_2021_permanente_cana_o_verde,Riofrío,Caña,2021,2870.0,2570.0,359800.0,140.0,Anomalia multivariada (Isolation Forest)
76616_cana_de_azucar_2022_permanente_cana_o_verde,Riofrío,Caña,2022,2870.0,2870.0,401800.0,140.0,Anomalia multivariada (Isolation Forest)
76616_cana_de_azucar_2023_permanente_cana_o_verde,Riofrío,Caña,2023,2870.0,2870.0,401800.0,140.0,Anomalia multivariada (Isolation Forest)
76616_cana_de_azucar_2024_permanente_cana_o_verde,Riofrío,Caña,2024,2930.0,2870.0,401800.0,140.0,Anomalia multivariada (Isolation Forest)
76616_platano_consumo_interno_2019_permanente_en_fresco,Riofrío,Plátano,2019,3593.0,3573.0,30152.0,8.44,Anomalia multivariada (Isolation Forest)
76616_platano_consumo_interno_2020_permanente_en_fresco,Riofrío,Plátano,2020,3983.0,3563.0,29929.2,8.4,Anomalia multivariada (Isolation Forest)
76616_platano_consumo_interno_2021_permanente_en_fresco,Riofrío,Plátano,2021,4023.0,3823.0,30584.0,8.0,Anomalia multivariada (Isolation Forest)
76616_platano_consumo_interno_2022_permanente_en_fresco,Riofrío,Plátano,2022,4033.0,4023.0,32184.0,8.0,Anomalia multivariada (Isolation Forest)
76616_platano_consumo_interno_2023_permanente_en_fresco,Riofrío,Plátano,2023,4063.0,4023.0,32184.0,8.0,Anomalia multivariada (Isolation Forest)
76616_platano_consumo_interno_2024_permanente_en_fresco,Riofrío,Plátano,2024,4073.0,4063.0,32504.0,8.0,Anomalia multivariada (Isolation Forest)
76622_cana_de_azucar_2019_permanente_cana_o_verde,Roldanillo,Caña,2019,2885.3,2719.3,339912.5,125.0,Anomalia multivariada (Isolation Forest)
76622_cana_de_azucar_2020_permanente_cana_o_verde,Roldanillo,Caña,2020,2885.3,2884.3,360562.99,125.01,Anomalia multivariada (Isolation Forest)
76622_cana_de_azucar_2021_permanente_cana_o_verde,Roldanillo,Caña,2021,2887.3,2637.3,316476.0,120.0,Anomalia multivariada (Isolation Forest)
76622_cana_de_azucar_2022_permanente_cana_o_verde,Roldanillo,Caña,2022,2896.63,2887.3,317603.0,110.0,Anomalia multivariada (Isolation Forest)
76622_cana_de_azucar_2023_permanente_cana_o_verde,Roldanillo,Caña,2023,2938.63,2896.63,318629.3,110.0,Anomalia multivariada (Isolation Forest)
76622_cana_de_azucar_2024_permanente_cana_o_verde,Roldanillo,Caña,2024,3126.21,2938.63,323249.3,110.0,Anomalia multivariada (Isolation Forest)
76670_cana_de_azucar_2019_permanente_cana_o_verde,San Pedro,Caña,2019,4970.0,4720.0,599440.0,127.0,Anomalia multivariada (Isolation Forest)
76670_cana_de_azucar_2020_permanente_cana_o_verde,San Pedro,Caña,2020,5524.7,4720.0,599440.0,127.0,Anomalia multivariada (Isolation Forest)
76670_cana_de_azucar_2021_permanente_cana_o_verde,San Pedro,Caña,2021,5524.7,4750.0,570000.0,120.0,Anomalia multivariada (Isolation Forest)
76670_cana_de_azucar_2022_permanente_cana_o_verde,San Pedro,Caña,2022,5544.7,5524.7,524846.5,95.0,Anomalia multivariada (Isolation Forest)
76670_cana_de_azucar_2023_permanente_cana_o_verde,San Pedro,Caña,2023,5544.7,5544.7,526746.5,95.0,Anomalia multivariada (Isolation Forest)
76670_cana_de_azucar_2024_permanente_cana_o_verde,San Pedro,Caña,2024,5694.7,5544.7,526746.5,95.0,Anomalia multivariada (Isolation Forest)
76736_cafe_2019_permanente_pergamino_o_seco_de_trilla,Sevilla,Café,2019,5320.0,4037.0,5346.0,1.32,Anomalia multivariada (Isolation Forest)
76736_cafe_2020_permanente_pergamino_o_seco_de_trilla,Sevilla,Café,2020,5243.0,5243.0,6291.6,1.2,Anomalia multivariada (Isolation Forest)
76736_cafe_2021_permanente_pergamino_o_seco_de_trilla,Sevilla,Café,2021,5259.49,4034.49,4034.49,1.0,Anomalia multivariada (Isolation Forest)
76736_cafe_2022_permanente_pergamino_o_seco_de_trilla,Sevilla,Café,2022,5259.98,4071.57,6353.8,1.56,Anomalia multivariada (Isolation Forest)
76736_cafe_2023_permanente_pergamino_o_seco_de_trilla,Sevilla,Café,2023,5253.18,4031.14,5340.83,1.32,Anomalia multivariada (Isolation Forest)
76736_cafe_2024_permanente_pergamino_o_seco_de_trilla,Sevilla,Café,2024,5203.28,4026.76,7974.44,1.98,Anomalia multivariada (Isolation Forest)
76736_platano_consumo_interno_2019_permanente_en_fresco,Sevilla,Plátano,2019,4283.0,4083.0,40830.0,10.0,Anomalia multivariada (Isolation Forest)
76736_platano_consumo_interno_2020_permanente_en_fresco,Sevilla,Plátano,2020,4314.0,4314.0,30198.0,7.0,Anomalia multivariada (Isolation Forest)
76736_platano_consumo_interno_2021_permanente_en_fresco,Sevilla,Plátano,2021,4324.0,4294.0,30100.94,7.01,Anomalia multivariada (Isolation Forest)
76736_platano_consumo_interno_2022_permanente_en_fresco,Sevilla,Plátano,2022,4325.0,4324.0,77832.0,18.0,Anomalia multivariada (Isolation Forest)
76736_platano_consumo_interno_2023_permanente_en_fresco,Sevilla,Plátano,2023,4325.0,4325.0,77850.0,18.0,Anomalia multivariada (Isolation Forest)
76736_platano_consumo_interno_2024_permanente_en_fresco,Sevilla,Plátano,2024,4538.0,4322.0,77796.0,18.0,Anomalia multivariada (Isolation Forest)
76823_cana_de_azucar_2019_permanente_cana_o_verde,Toro,Caña,2019,2045.0,2034.0,223740.0,110.0,Anomalia multivariada (Isolation Forest)
76823_cana_de_azucar_2021_permanente_cana_o_verde,Toro,Caña,2021,1994.0,1994.0,219340.0,110.0,Anomalia multivariada (Isolation Forest)
76823_cana_de_azucar_2022_permanente_cana_o_verde,Toro,Caña,2022,1994.0,1994.0,219340.0,110.0,Anomalia multivariada (Isolation Forest)
76823_cana_de_azucar_2023_permanente_cana_o_verde,Toro,Caña,2023,1994.0,1994.0,219340.0,110.0,Anomalia multivariada (Isolation Forest)
76823_cana_de_azucar_2024_permanente_cana_o_verde,Toro,Caña,2024,2224.0,1994.0,219340.0,110.0,Anomalia multivariada (Isolation Forest)
76828_platano_consumo_interno_2019_permanente_en_fresco,Trujillo,Plátano,2019,3506.5,3477.0,27816.0,8.0,Anomalia multivariada (Isolation Forest)
76828_platano_consumo_interno_2020_permanente_en_fresco,Trujillo,Plátano,2020,3511.0,3475.0,27800.0,8.0,Anomalia multivariada (Isolation Forest)
76828_platano_consumo_interno_2021_permanente_en_fresco,Trujillo,Plátano,2021,3526.0,3496.0,34960.0,10.0,Anomalia multivariada (Isolation Forest)
76828_platano_consumo_interno_2022_permanente_en_fresco,Trujillo,Plátano,2022,3526.0,3526.0,38786.0,11.0,Anomalia multivariada (Isolation Forest)
76828_platano_consumo_interno_2023_permanente_en_fresco,Trujillo,Plátano,2023,3545.5,3518.5,38703.5,11.0,Anomalia multivariada (Isolation Forest)
76828_platano_consumo_interno_2024_permanente_en_fresco,Trujillo,Plátano,2024,3645.5,3545.5,39000.5,11.0,Anomalia multivariada (Isolation Forest)
76834_cana_de_azucar_2019_permanente_cana_o_verde,Tuluá,Caña,2019,8130.0,6969.0,766590.0,110.0,Anomalia multivariada (Isolation Forest)
76834_cana_de_azucar_2020_permanente_cana_o_verde,Tuluá,Caña,2020,8130.0,8130.0,804870.0,99.0,Anomalia multivariada (Isolation Forest)
76834_cana_de_azucar_2021_permanente_cana_o_verde,Tuluá,Caña,2021,8130.0,8130.0,739017.0,90.9,Anomalia multivariada (Isolation Forest)
76834_cana_de_azucar_2022_permanente_cana_o_verde,Tuluá,Caña,2022,8130.0,8130.0,731700.0,90.0,Anomalia multivariada (Isolation Forest)
76834_cana_de_azucar_2023_permanente_cana_o_verde,Tuluá,Caña,2023,8130.0,8130.0,813000.0,100.0,Anomalia multivariada (Isolation Forest)
76834_cana_de_azucar_2024_permanente_cana_o_verde,Tuluá,Caña,2024,8130.0,8130.0,813000.0,100.0,Anomalia multivariada (Isolation Forest)
76890_cana_de_azucar_2019_permanente_cana_o_verde,Yotoco,Caña,2019,2924.0,2574.0,308880.0,120.0,Anomalia multivariada (Isolation Forest)
76890_cana_de_azucar_2020_permanente_cana_o_verde,Yotoco,Caña,2020,2924.0,2924.0,350880.0,120.0,Anomalia multivariada (Isolation Forest)
76890_cana_de_azucar_2021_permanente_cana_o_verde,Yotoco,Caña,2021,2924.0,2924.0,350880.0,120.0,Anomalia multivariada (Isolation Forest)
76890_cana_de_azucar_2022_permanente_cana_o_verde,Yotoco,Caña,2022,3174.0,2924.0,350880.0,120.0,Anomalia multivariada (Isolation Forest)
76890_cana_de_azucar_2023_permanente_cana_o_verde,Yotoco,Caña,2023,3174.0,2924.0,350880.0,120.0,Anomalia multivariada (Isolation Forest)
76890_cana_de_azucar_2024_permanente_cana_o_verde,Yotoco,Caña,2024,3344.0,3174.0,380880.0,120.0,Anomalia multivariada (Isolation Forest)
76892_cana_de_azucar_2019_permanente_cana_o_verde,Yumbo,Caña,2019,2228.0,1782.4,213888.0,120.0,Anomalia multivariada (Isolation Forest)
76892_cana_de_azucar_2020_permanente_cana_o_verde,Yumbo,Caña,2020,2228.0,2228.0,267360.0,120.0,Anomalia multivariada (Isolation Forest)
76892_cana_de_azucar_2021_permanente_cana_o_verde,Yumbo,Caña,2021,2158.0,2060.0,247200.0,120.0,Anomalia multivariada (Isolation Forest)
76892_cana_de_azucar_2022_permanente_cana_o_verde,Yumbo,Caña,2022,2010.0,2010.0,274063.5,136.35,Anomalia multivariada (Isolation Forest)
76892_cana_de_azucar_2023_permanente_cana_o_verde,Yumbo,Caña,2023,1800.0,1800.0,245430.0,136.35,Anomalia multivariada (Isolation Forest)
76892_cana_de_azucar_2024_permanente_cana_o_verde,Yumbo,Caña,2024,1800.0,1800.0,239400.0,133.0,Anomalia multivariada (Isolation Forest)
76895_cana_de_azucar_2019_permanente_cana_o_verde,Zarzal,Caña,2019,17315.0,10858.0,1248670.0,115.0,Anomalia multivariada (Isolation Forest)
76895_cana_de_azucar_2020_permanente_cana_o_verde,Zarzal,Caña,2020,17315.0,10858.0,1248670.0,115.0,Anomalia multivariada (Isolation Forest)
76895_cana_de_azucar_2021_permanente_cana_o_verde,Zarzal,Caña,2021,17330.0,10515.0,1240770.0,118.0,Anomalia multivariada (Isolation Forest)
76895_cana_de_azucar_2022_permanente_cana_o_verde,Zarzal,Caña,2022,17420.0,6815.0,817800.0,120.0,Anomalia multivariada (Isolation Forest)
76895_cana_de_azucar_2023_permanente_cana_o_verde,Zarzal,Caña,2023,17420.0,9090.0,1090800.0,120.0,Anomalia multivariada (Isolation Forest)
76895_cana_de_azucar_2024_permanente_cana_o_verde,Zarzal,Caña,2024,17670.0,17420.0,2090400.0,120.0,Anomalia multivariada (Isolation Forest)
