Real_t,Pred_t,Residuo_t
22.0,28.036800225060595,-6.036800225060595
47.99999999999999,14.905762414435792,33.0942375855642
210.00000000000003,255.81432143803067,-45.814321438030646
51.6,153.578586248948,-101.978586248948
1484.0000000000005,1011.2633356481921,472.7366643518084
23304.400000000005,22941.557824742602,362.84217525740314
10.000000000000002,6.074335709578622,3.9256642904213797
239.99999999999994,173.72565045974764,66.2743495402523
56.00000000000001,40.53429520907565,15.465704790924356
306.44999999999993,335.4307857442433,-28.98078574424335
349.9999999999999,543.2816566684563,-193.28165666845643
141.86999999999998,132.27690918127408,9.593090818725898
12.0,14.50855209260141,-2.508552092601411
4.75,5.609740813675666,-0.8597408136756659
30.0,36.23111401860308,-6.23111401860308
35.99999999999999,20.090789090855907,15.909210909144086
623.9999999999998,739.1367352887997,-115.13673528879997
96.0,100.39670648763382,-4.396706487633821
73.60000000000002,9.955064012666568,63.644935987333454
84.00000000000001,66.43355323747431,17.5664467625257
4212.000000000003,3326.92417630103,885.0758236989727
2.7000000000000006,4.036011171135824,-1.3360111711358233
87.22,120.01680128946089,-32.79680128946089
23.000000000000004,19.542962625540724,3.4570373744592793
60.00000000000001,41.01028440915128,18.989715590848725
205.66000000000005,286.5590518919206,-80.89905189192055
114.00000000000001,91.31218860769283,22.687811392307182
248.39999999999998,233.6191096033578,14.780890396642178
1059.9999999999998,1033.4717849013605,26.528215098639294
10400.000000000002,9606.486488239661,793.5135117603404
159.11999999999998,209.33569048170577,-50.21569048170579
228.00000000000006,271.9142237824454,-43.91422378244533
180.00000000000006,137.15803627736025,42.841963722639804
182.00000000000009,40.26772064732243,141.73227935267766
30.0,287.45000297017657,-257.45000297017657
112.00000000000003,47.28886556963466,64.71113443036538
143.99999999999997,136.5118907460569,7.488109253943065
440.0,336.1730482991934,103.8269517008066
440.0,472.86067783738406,-32.86067783738406
24728.000000000015,36498.825066724974,-11770.82506672496
7.800000000000001,7.357979877512147,0.44202012248785394
7607.2500000000055,6632.377986902236,974.872013097769
519.0,988.1263971244286,-469.12639712442865
697.5,804.9837646033619,-107.48376460336192
32.0,8.821238539847508,23.178761460152494
62.54999999999999,247.26687729882175,-184.71687729882177
2136.0000000000005,831.4531912790902,1304.5468087209101
33.00000000000001,28.631209381098028,4.368790618901979
54.000000000000014,54.88739107044695,-0.8873910704469381
45.0,34.70437333673351,10.29562666326649
3.58,3.7805757858072573,-0.2005757858072572
14.999999999999998,14.880701859248447,0.11929814075155143
545.7500000000001,568.1164696585549,-22.36646965855482
45.0,52.75487651389151,-7.75487651389151
150.0,99.13704564808808,50.862954351911924
0.8800000000000001,1.4321201739946563,-0.5521201739946562
32.0,39.21750455305498,-7.2175045530549795
35.99999999999999,49.50055055368737,-13.500550553687376
16250.000000000011,21088.93349265481,-4838.9334926548
12.0,11.275861062268435,0.7241389377315652
127.99999999999997,51.74305632911353,76.25694367088644
210.00000000000003,139.75171623745229,70.24828376254774
2657.34,2526.5960950920585,130.74390490794167
362.8799999999999,148.9615134328522,213.91848656714768
75.0,50.057278326120006,24.942721673879994
40.00000000000001,41.950783075366054,-1.9507830753660471
45.0,47.10624309801731,-2.106243098017309
3.999999999999999,5.222824741298108,-1.2228247412981093
63.999999999999986,53.0246204744425,10.975379525557486
42.0,53.492822152875874,-11.492822152875874
7.5,8.422784229055207,-0.9227842290552069
62.99999999999998,77.71710243878097,-14.71710243878099
800.0000000000003,468.6505182124075,331.3494817875928
299.9999999999999,276.9307163876936,23.069283612306265
124.00000000000004,183.83693301133027,-59.83693301133023
359.99999999999983,293.0749283479769,66.92507165202295
31.25,30.74088751978115,0.5091124802188496
71.99999999999999,46.15790472485963,25.84209527514036
218.70000000000005,216.3580871664672,2.3419128335328594
30.0,95.65593292629181,-65.65593292629181
880.0000000000003,453.96260213761633,426.037397862384
160.00000000000003,76.39684823972186,83.60315176027817
3109.0,2610.7133082664204,498.2866917335796
0.0,44.72826026892223,-44.72826026892223
1260.0000000000005,404.5512925575225,855.4487074424779
12.600000000000001,54.70944989412391,-42.109449894123905
528018.0999999995,567105.6769330619,-39087.5769330624
21.000000000000004,23.836511123508533,-2.8365111235085294
12.0,23.19035170400604,-11.19035170400604
539.9999999999998,809.4511707513093,-269.4511707513095
9.23,8.08014646099465,1.1498535390053508
10.600000000000001,9.764615430839202,0.8353845691607997
60.00000000000001,31.482574312195815,28.51742568780419
15.899999999999995,14.741219641257814,1.158780358742181
32.0,23.81300814731656,8.186991852683441
60.00000000000001,35.533052238304904,24.466947761695103
5340.829999999995,6249.671329724588,-908.8413297245925
6.24,14.50360890246529,-8.26360890246529
4760.000000000003,2206.0954680755203,2553.9045319244824
63.999999999999986,64.6617586192954,-0.6617586192954121
23.999999999999996,9.026066760346293,14.973933239653704
56.00000000000001,60.45726333914383,-4.457263339143822
129.99999999999994,154.27769307850488,-24.27769307850494
180.00000000000006,193.01187797822848,-13.011877978228426
30.0,18.796276199240857,11.203723800759143
10.49,14.644022395427339,-4.154022395427338
56.999999999999986,36.91414046987122,20.085859530128765
400.00000000000006,330.2754879818722,69.72451201812788
68.00000000000001,50.629291583823615,17.3707084161764
73.5,70.91784462133745,2.5821553786625486
37.50000000000001,25.378559216087243,12.121440783912764
3012302.0,2892201.1869976115,120100.81300238846
14.0,23.02038411393883,-9.020384113938832
63.999999999999986,21.638778724846937,42.36122127515305
2035800.000000001,2013251.6639642252,22548.33603577572
174.99999999999991,125.18529541412504,49.81470458587488
60.00000000000001,50.570554696469905,9.429445303530102
20.0,18.72573363616394,1.274266363836059
17.25,15.956062153257115,1.2939378467428853
23511.99999999998,25403.49308608345,-1891.4930860834684
194.99999999999991,399.8307914648999,-204.8307914649
195.79999999999995,200.93638932883658,-5.1363893288366285
47.99999999999999,57.50328772874724,-9.503287728747246
140.00000000000003,178.68115117626346,-38.68115117626343
335.4000000000001,280.6507133803057,54.749286619694374
2999.9999999999995,2966.7981904136395,33.201809586360014
23.999999999999996,25.92276567447124,-1.9227656744712434
0.9000000000000001,1.107244534793518,-0.2072445347935179
5.59,5.549770907823283,0.040229092176716996
1344.2399999999996,1367.0026101792419,-22.7626101792423
180.00000000000006,162.1972533091361,17.802746690863955
12.0,15.147557829371465,-3.1475578293714648
213.99999999999991,143.41451097461695,70.58548902538297
199.5,227.64059715088476,-28.14059715088476
9.000000000000002,7.96320528961024,1.0367947103897617
104.99999999999997,69.04442107357332,35.955578926426654
34640.0,33637.29708885719,1002.7029111428128
100.00000000000003,94.42846709819803,5.5715329018020014
3.0,5.765079264959343,-2.7650792649593434
107.99999999999997,377.33152531960235,-269.3315253196024
207.99999999999997,172.65453984718096,35.345460152819015
116.00000000000003,111.95513441213797,4.044865587862063
4.2,4.269982664931501,-0.06998266493150052
1963.3599999999994,1915.2234885026103,48.136511497389165
387.00000000000006,529.8079646035826,-142.80796460358255
219.99999999999991,141.69343727964542,78.30656272035449
868.0000000000001,675.1716527430107,192.82834725698945
64.99999999999997,58.54917208815981,6.450827911840165
972.9000000000001,926.1547730179806,46.74522698201952
0.0,46.28681650461681,-46.28681650461681
6669.600000000004,6121.985193891478,547.614806108526
275.4000000000001,252.0418921123654,23.358107887634702
100.00000000000003,71.97075652314284,28.02924347685719
80.00000000000003,71.0038144126903,8.996185587309725
4.5,10.905621684191255,-6.405621684191255
40.00000000000001,41.04107497218619,-1.0410749721861805
6.499999999999999,8.760322561146591,-2.260322561146592
2610.4000000000005,2003.9711395309307,606.4288604690698
5.0,5.18484929619777,-0.18484929619777013
2685.0000000000005,2689.5942648492573,-4.594264849256888
96.39999999999998,107.47393365620871,-11.073933656208737
47.99999999999999,41.69136009212038,6.308639907879616
182.00000000000009,148.39198186716447,33.60801813283561
1795.5000000000002,1745.5463705156412,49.953629484359
169.95000000000005,217.57725083692205,-47.627250836922
700.0,693.5599426411762,6.440057358823765
3.0,37.448620257430875,-34.448620257430875
17.999999999999996,11.158114653534088,6.841885346465908
3919.999999999997,960.5046643728966,2959.4953356271003
45.0,20.58296336383235,24.41703663616765
167.20000000000002,190.31288811207492,-23.1128881120749
980.0000000000003,292.6135000222258,687.3864999777745
22.369999999999997,24.7922986346158,-2.422298634615803
780.0000000000001,647.5022437609915,132.4977562390086
70.0,59.72077254932038,10.27922745067962
169.52,137.3566512018516,32.163348798148405
445.46,395.252428723131,50.207571276868975
3.0,4.746857140330841,-1.7468571403308406
6.999999999999998,6.951398206986478,0.0486017930135203
50.0,54.045039322463566,-4.045039322463566
8040.000000000005,4543.895073867643,3496.1049261323615
196.0,243.36086910620796,-47.36086910620796
3419.900000000001,2457.1264543211637,962.7735456788373
168.0,118.51806773877334,49.48193226122666
0.0,34.6950209357318,-34.6950209357318
170110.2299999999,133738.14009479398,36372.08990520591
1040.0000000000005,1082.9679127190716,-42.96791271907114
1.2000000000000002,1.4360360732070374,-0.23603607320703723
30.0,25.16622362227462,4.833776377725378
249.9999999999999,160.61721163520036,89.38278836479952
196.0,205.49219970499684,-9.492199704996835
679.1000000000001,582.2389749147943,96.86102508520582
2190.5799999999995,956.5570181757372,1234.0229818242624
1399.3000000000004,1246.1268740873656,153.17312591263476
899.9999999999998,265.32883742876834,634.6711625712314
999.9999999999999,1087.4519404997975,-87.45194049979762
22.200000000000003,20.062982794165666,2.1370172058343364
980.0000000000003,708.3307471438803,271.66925285612
67.5,68.47791301650201,-0.9779130165020149
10.199999999999998,14.865582907317867,-4.665582907317869
400.00000000000006,324.16235802700476,75.8376419729953
37.50000000000001,20.901460224699527,16.59853977530048
19992.000000000007,19059.22820721545,932.7717927845588
80.00000000000003,85.65956424706589,-5.659564247065859
0.0,20.352409740345283,-20.352409740345283
55418.39999999997,52890.86675953424,2527.533240465731
335.99999999999994,301.4285587241395,34.57144127586042
23.999999999999996,26.673352273796844,-2.673352273796848
57.42000000000002,50.63093768898851,6.789062311011513
16.0,13.297530434169678,2.702469565830322
1034.9999999999998,875.5803501515554,159.41964984844435
720.0000000000002,526.8729157535994,193.12708424640084
45.0,27.918445503142777,17.081554496857223
330.0,391.2269574494109,-61.22695744941092
440.0,461.0570606084855,-21.05706060848547
5.999999999999999,6.206291163109148,-0.20629116310914863
572.0000000000002,446.21707244001766,125.78292755998257
419.9999999999999,358.6018247549947,61.39817524500518
150.0,186.46825431753246,-36.468254317532455
0.0,85.6455093930755,-85.6455093930755
80.00000000000003,53.35814374521636,26.64185625478367
61919.99999999997,51698.48537099655,10221.514629003424
675.0000000000001,486.5001888245318,188.49981117546832
32.0,34.569517737607136,-2.5695177376071356
369.75000000000017,473.9970415077486,-104.2470415077484
100.00000000000003,109.82691970414912,-9.826919704149091
16.84,216.3351387384635,-199.4951387384635
254.99999999999994,268.25150778948694,-13.251507789486993
1636.8000000000004,624.1302287014629,1012.6697712985375
5.59,6.308409956529822,-0.7184099565298219
850.0000000000002,1077.2557283072201,-227.2557283072199
89.99999999999997,117.989400264239,-27.989400264239023
4.3,6.144889995011897,-1.844889995011897
175.99999999999994,136.19967487415303,39.80032512584691
180.00000000000006,220.7480631334889,-40.74806313348884
1137.4999999999998,551.4957477319307,586.0042522680691
721.9800000000004,419.72333402571655,302.2566659742838
70.0,73.1826794856142,-3.1826794856142016
0.0,18.54564014381271,-18.54564014381271
8.000000000000002,7.703785701234645,0.29621429876535643
40.00000000000001,10.001341361298344,29.998658638701663
75.0,66.71566343751671,8.28433656248329
125.10000000000002,226.21791301485993,-101.11791301485991
1019.9999999999998,986.576957812951,33.423042187048736
9.8,6.350176502859098,3.449823497140903
4.6,23.587918189958945,-18.987918189958947
5.0,2.499544916770859,2.500455083229141
1128.4000000000003,572.217138819649,556.1828611803513
180.00000000000006,36.403221358488935,143.59677864151112
30.0,23.17634874379389,6.823651256206109
62.94000000000002,36.81290046266655,26.12709953733347
2.2700000000000005,22.766622516619307,-20.496622516619308
152.62000000000003,118.88409309175998,33.735906908240054
306.44999999999993,321.09120450210503,-14.641204502105097
1802.0000000000005,1373.1026601405258,428.89733985947464
17.999999999999996,17.45190013551379,0.5480998644862076
0.0,35.01925924969029,-35.01925924969029
16.0,18.613057384916548,-2.613057384916548
38786.000000000015,33004.39977647778,5781.600223522233
864.1600000000002,929.1040216694115,-64.94402166941131
0.0,18.75288734032375,-18.75288734032375
52.00000000000001,47.26378353780969,4.73621646219032
611.0,792.1053706897966,-181.1053706897966
2901.4299999999985,2765.708880685251,135.72111931474728
1003.9499999999998,974.8935109478808,29.05648905211899
679.9999999999998,467.702902956806,212.2970970431938
17.999999999999996,18.865957276087826,-0.8659572760878298
359.99999999999983,355.2050507363103,4.794949263689546
80.00000000000003,115.18463981070227,-35.18463981070224
56.00000000000001,46.05769843691818,9.942301563081827
60.00000000000001,47.66379900342929,12.336200996570717
223.2,50.16972257237405,173.03027742762595
1.5,1.8333965391657943,-0.33339653916579426
112.00000000000003,94.88212790215574,17.117872097844284
87.00000000000003,44.29248292652961,42.70751707347042
11003.999999999993,10042.39606595721,961.6039340427833
40.00000000000001,46.07154842277464,-6.071548422774633
80.00000000000003,346.761512768463,-266.7615127684629
52.5,30.793524352264715,21.706475647735285
100.00000000000003,71.94393943079315,28.056060569206878
1360.9999999999998,1017.5216478935339,343.4783521064659
20.0,19.029087157641108,0.9709128423588922
150.0,135.34687182890687,14.65312817109313
5.879999999999999,5.505815764389161,0.374184235610838
96.0,103.99204847551987,-7.992048475519866
120.00000000000003,123.33730192169608,-3.337301921696053
2549.999999999999,1870.3392081426719,679.6607918573272
107.99999999999997,91.87543764558637,16.124562354413598
700.0,332.7581823616848,367.2418176383152
9.000000000000002,9.835232797844156,-0.8352327978441547
26.999999999999996,30.161054606166573,-3.1610546061665765
570.0000000000001,497.0443828461114,72.95561715388874
270.00000000000006,182.02911157548317,87.97088842451689
120.00000000000003,113.77816381875395,6.221836181246076
0.0,1068.6014460702547,-1068.6014460702547
69.00000000000003,59.916272548310594,9.083727451689434
2800.3699999999985,2383.380200396108,416.98979960389033
200.0,244.68965498270617,-44.68965498270617
5.599999999999999,5.624821975368236,-0.024821975368237048
192.0,169.01874680859652,22.981253191403482
840.0000000000002,490.6030921005199,349.3969078994803
12.0,16.36106628686572,-4.3610662868657215
40.00000000000001,27.184890202781418,12.81510979721859
165.00000000000006,137.37751472274968,27.622485277250377
2265.000000000001,1710.8898110584037,554.1101889415972
107.99999999999997,102.52766940352399,5.4723305964759845
1158.0999999999997,1359.3854826562897,-201.28548265629001
32183.999999999996,32385.972540914387,-201.97254091439027
61.82000000000001,56.0320240928585,5.787975907141508
5.0,3.8715548137275793,1.1284451862724207
349.9999999999999,228.39961656305246,121.60038343694742
135.00000000000006,100.82544474522551,34.174555254774546
6.999999999999998,3.867061589020648,3.1329384109793503
200.0,167.9472596790391,32.05274032096091
11.0,8.557188432023885,2.442811567976115
2965.200000000001,2522.4945422121414,442.7054577878598
20.0,18.914509161954808,1.0854908380451924
0.5,1.1683901412260926,-0.6683901412260926
332.8000000000001,84.80287790143814,247.997122098562
96.0,91.9474325920717,4.052567407928294
15.8,9.587649653498561,6.21235034650144
320.0,219.84878924111212,100.15121075888788
279.9999999999999,293.4099185312158,-13.409918531215908
1636.8000000000004,1392.3317836252209,244.46821637477956
140.00000000000003,152.32925825571633,-12.329258255716297
60.00000000000001,58.694049949936975,1.305950050063032
642.7399999999999,651.5245767431411,-8.784576743141201
950.0,981.1342646079939,-31.13426460799394
2.5,2.839560441909856,-0.3395604419098559
43.199999999999996,37.81996691827328,5.380033081726715
1.25,1.4857217131408178,-0.2357217131408178
6794.099999999995,5504.438981956843,1289.6610180431517
419.9999999999999,305.45545970697003,114.54454029302985
148.25,174.2586870160955,-26.008687016095507
23.999999999999996,17.25875597300651,6.741244026993485
197.99999999999997,93.40432162707087,104.5956783729291
9.000000000000002,10.955278201992979,-1.9552782019929769
330.0,655.3321379264423,-325.33213792644233
16.0,11.49543021319124,4.50456978680876
8.280000000000001,15.748902468459963,-7.468902468459962
76.00000000000001,54.776651632478575,21.22334836752144
498.40000000000015,418.17185865342805,80.2281413465721
400.00000000000006,746.114312777834,-346.11431277783396
2767.7199999999984,892.836366015965,1874.8836339840334
56.00000000000001,59.76339900721229,-3.7633990072122856
96.0,40.47047730311045,55.52952269688955
0.0,15.301719991677277,-15.301719991677277
0.0,48.55268872755798,-48.55268872755798
210.00000000000003,161.7913591254264,48.20864087457363
506.00000000000017,352.2856911248578,153.71430887514236
284.4900000000001,302.18942732583616,-17.69942732583604
43.99999999999999,45.37603526287256,-1.3760352628725698
8.9,9.546398485775152,-0.6463984857751512
103.99999999999997,93.94478575597428,10.055214244025692
61.99999999999999,26.18118383048521,35.81881616951478
18.4,41.28043429491858,-22.88043429491858
50.0,41.05918973775927,8.940810262240731
56.999999999999986,35.908932758639494,21.09106724136049
1103.9999999999998,985.5376469755248,118.46235302447496
20.0,11.535689934581416,8.464310065418584
120.00000000000003,85.45898780457313,34.5410121954269
100.00000000000003,87.80229188695363,12.197708113046403
1698.9999999999993,1060.0093784251374,638.990621574862
1.6999999999999997,1.428770891622332,0.27122910837766767
11.0,10.97221449334487,0.02778550665513002
47.99999999999999,39.94969324067846,8.050306759321536
10.000000000000002,8.549740113027893,1.450259886972109
450.0000000000001,350.67557011652605,99.32442988347407
160.00000000000003,37.64612074765293,122.3538792523471
873.9999999999997,731.1035318707409,142.89646812925878
221.39999999999998,199.11252197360147,22.287478026398503
125.40000000000002,152.9357960607055,-27.535796060705493
931.5500000000001,2209.126228370528,-1277.576228370528
27600.00000000002,22714.426110663735,4885.573889336283
54.000000000000014,23.44694581022726,30.553054189772755
325.0,264.26855679055444,60.73144320944556
3.0,5.399217147134312,-2.399217147134312
2.0000000000000004,1.8390375356988389,0.16096246430116157
132.0,167.81661521611719,-35.816615216117185
1092.0000000000005,562.1391741973683,529.8608258026321
120.00000000000003,101.55514884359131,18.444851156408717
3.0,14.492703348064966,-11.492703348064966
23.999999999999996,26.51855793144693,-2.518557931446935
58.68000000000002,49.83260725275625,8.847392747243774
80.00000000000003,69.67103414066241,10.328965859337615
338.9900000000001,539.8190701862445,-200.8290701862444
2588.399999999999,2839.1435322614307,-250.74353226143148
1059.9999999999998,1376.2949910643208,-316.29499106432104
1053.1999999999998,762.2975240474224,290.90247595257745
63.999999999999986,67.35374217345952,-3.353742173459537
47.99999999999999,32.864511338331305,15.135488661668688
3.09,7.063874697064502,-3.9738746970645025
2.5199999999999996,6.872779656892553,-4.352779656892554
10799.99999999999,10301.65912332027,498.34087667972017
27.5,34.20093117075586,-6.700931170755858
1648.0000000000002,1502.7063180647579,145.29368193524238
252.73000000000002,328.7520876420617,-76.0220876420617
8.220000000000002,19.222747855053047,-11.002747855053045
335.99999999999994,411.5477934431925,-75.54779344319257
443.99999999999994,404.6409582735872,39.35904172641273
4085.999999999999,3046.147400506516,1039.852599493483
75.0,52.06670562598348,22.93329437401652
30.1,44.5995497830584,-14.499549783058399
132.0,100.78359564847517,31.21640435152483
14.699999999999998,13.630409866052169,1.0695901339478286
20.0,32.30653497382558,-12.306534973825578
45.0,25.059557598206837,19.940442401793163
611.9000000000001,565.5705869633144,46.32941303668565
40.00000000000001,39.64102299148966,0.35897700851034386
35.99999999999999,51.55000904106798,-15.550009041067987
309.1199999999999,290.62823407904034,18.49176592095955
21.000000000000004,19.1037835532577,1.8962164467423044
52.00000000000001,26.824585003774786,25.17541499622522
1.2999999999999998,5.325898948283287,-4.025898948283287
499.9999999999999,924.6841667301061,-424.6841667301062
800.0000000000003,123.23115297641796,676.7688470235823
12.0,19.269009805521794,-7.269009805521794
32.5,47.5269864181029,-15.0269864181029
263.99999999999994,156.39203578690027,107.60796421309968
45.0,40.42651917391383,4.573480826086168
56.999999999999986,44.161432413068816,12.83856758693117
239.99999999999994,176.51966694699675,63.48033305300319
2592.0,2144.8870011790605,447.11299882093954
475.9199999999999,545.5823664237613,-69.6623664237614
125.0,70.94707667668364,54.052923323316364
120.00000000000003,86.97446922353878,33.02553077646125
160.00000000000003,155.95712348655832,4.042876513441712
6.999999999999998,6.977270678936824,0.022729321063174268
20321.99999999998,13394.685228601407,6927.3147713985745
92.50000000000001,91.88375951341048,0.6162404865895326
218325.0,217785.3777087753,539.6222912246885
8.000000000000002,5.713741321730742,2.2862586782692595
8.000000000000002,8.515200714394679,-0.5152007143946769
7306.600000000003,6455.54712380682,851.0528761931828
120.00000000000003,91.01181880192375,28.988181198076276
82.99999999999999,53.07924730351289,29.920752696487092
0.8800000000000001,0.9808915153265232,-0.10089151532652307
3.999999999999999,5.5230870668998415,-1.5230870668998424
4402306.839999999,4426376.8521450665,-24070.012145067565
465000.00000000023,471859.82951173536,-6859.829511735123
89.99999999999997,58.976490611130046,31.023509388869925
17.999999999999996,18.79679216876958,-0.7967921687695849
112.00000000000003,139.8161497557167,-27.81614975571668
0.0,431.4058304429587,-431.4058304429587
10.000000000000002,6.640024595459966,3.3599754045400356
100.00000000000003,112.72316973445594,-12.723169734455908
249.9999999999999,245.38665480290106,4.613345197098823
30.0,29.72715857208072,0.27284142791927835
89.99999999999997,59.355516480225845,30.644483519774127
45.9,27.428568310361722,18.471431689638276
183.00000000000006,144.74169107635413,38.25830892364593
2752.500000000001,2207.5945250941895,544.9054749058114
583.5000000000002,469.7240665579594,113.77593344204081
187.0,137.58558398088874,49.41441601911126
21.000000000000004,17.03652855270944,3.963471447290562
107.99999999999997,69.20557850691914,38.79442149308083
594.0000000000002,885.7387364804633,-291.7387364804631
6920.479999999997,6676.064665203311,244.41533479668578
629.9999999999998,524.5721593563453,105.42784064365446
769.9999999999998,535.3585002512219,234.64149974877785
120.00000000000003,181.4180036896888,-61.41800368968876
27.9,23.690788589840768,4.209211410159231
68.00000000000001,72.46002443699803,-4.460024436998012
103.99999999999997,87.09515257245454,16.904847427545434
1957.0,1786.7553232196,170.2446767803999
4.19,7.612034420506236,-3.422034420506235
64919.99999999995,59270.25090205095,5649.749097948996
60.00000000000001,51.57027696403015,8.429723035969857
70.0,24.16284012170735,45.83715987829265
470.0,399.6959821721245,70.3040178278755
208270.07999999987,26636.18026312852,181633.89973687136
299.9999999999999,276.4055297920669,23.594470207933
192.0,202.6016187741291,-10.601618774129093
60.00000000000001,36.69288735258087,23.30711264741914
6.749999999999999,23.352524690237637,-16.602524690237637
60.00000000000001,106.38545381251666,-46.38545381251665
8.64,10.228232641133308,-1.5882326411333079
1870.5999999999995,1777.1453186545377,93.45468134546172
700.0,659.9306521323798,40.069347867620195
40.00000000000001,27.710281461876843,12.289718538123164
56.00000000000001,53.31674014457321,2.6832598554267975
146.99999999999994,159.65252271705276,-12.652522717052818
14.999999999999998,3.8406593589556106,11.159340641044388
160.00000000000003,164.2557463194564,-4.255746319456364
28556.159999999993,29686.4171746349,-1130.2571746349058
655.2,559.5268768282268,95.67312317177323
219340.00000000012,210319.7471075002,9020.252892499906
84.00000000000001,44.91432467404465,39.085675325955364
22.0,18.801206690177494,3.1987933098225056
456.00000000000017,299.74874233633045,156.25125766366972
71.99999999999999,28.40141240236063,43.59858759763935
52.25000000000001,40.19162077353399,12.058379226466016
52.5,37.45031974526241,15.049680254737588
462.0,416.18863612821895,45.811363871781055
82.50000000000001,28.036800225060595,54.46319977493942
629.9999999999998,503.69288049518497,126.3071195048148
516.1700000000001,430.7439288326062,85.4260711673939
2644.0000000000005,1151.5612325489512,1492.4387674510492
810.0000000000002,852.8438017384528,-42.84380173845261
56.00000000000001,59.60589744580985,-3.6058974458098447
42818.400000000016,52417.03312152853,-9598.633121528517
9600.0,1890.9187526235278,7709.081247376473
125.99999999999999,221.7170033274568,-95.71700332745682
107.00000000000003,100.6574964735433,6.342503526456724
12540.36000000001,12679.782515855082,-139.42251585507256
160.00000000000003,196.3008927643227,-36.30089276432267
20.0,39.131966009585895,-19.131966009585895
127.99999999999997,111.28351690268032,16.716483097319653
56.00000000000001,62.91812302235399,-6.918123022353981
1011.0000000000003,917.8671869613789,93.1328130386214
225.00000000000009,278.2558126181744,-53.2558126181743
5211.7999999999965,5456.491623818137,-244.69162381814022
30.0,56.499870628083634,-26.499870628083634
539.9999999999998,467.35335836897855,72.64664163102123
377.23000000000013,1180.6584333982241,-803.428433398224
186.00000000000003,186.66663780320278,-0.6666378032027467
4795.0,5126.636582742942,-331.63658274294175
1314.4,492.6938988831824,821.7061011168178
106.4,100.75811834094793,5.641881659052075
70.0,79.23138722239065,-9.231387222390651
249.9999999999999,274.7096852437029,-24.709685243703007
1680.0000000000005,1677.9336898099343,2.066310190066133
1.2000000000000002,1.396079719566369,-0.19607971956636883
214.50000000000009,170.76300040485094,43.73699959514914
24.6,18.0839579831409,6.516042016859103
1.87,5.328287386414516,-3.458287386414516
5.0,5.696879313487756,-0.6968793134877558
308.0000000000001,227.6826317295735,80.31736827042661
180.00000000000006,221.23417837165755,-41.23417837165749
60.00000000000001,56.9917575816345,3.008242418365505
20.0,19.781321090905333,0.2186789090946668
52.199999999999996,13.424668211108383,38.77533178889161
16.0,8.919160778042611,7.080839221957389
99.00000000000004,106.30944413269665,-7.309444132696612
499.79999999999995,180.70464888836017,319.0953511116398
47.00000000000001,48.54401949130371,-1.5440194913037004
600.0,376.8387339075012,223.1612660924988
108.60000000000002,107.81917956355556,0.7808204364444578
104.99999999999997,110.82350097910832,-5.823500979108346
14.999999999999998,14.867847529047902,0.13215247095209648
120.00000000000003,118.08366524590559,1.9163347540944358
89.99999999999997,54.52241762247232,35.47758237752765
30.0,5.570637778174682,24.42936222182532
31.439999999999998,36.590919139802764,-5.150919139802767
1880.2,1716.9380503217455,163.2619496782545
80.00000000000003,84.08489064118616,-4.084890641186135
11.2,10.706473386297153,0.493526613702846
89.99999999999997,85.57435398236841,4.425646017631564
62.99999999999998,49.59955408046912,13.40044591953086
971.9999999999999,715.1943847096016,256.80561529039824
1019.9999999999998,845.7793229306793,174.22067706932046
120.00000000000003,64.14173127096153,55.8582687290385
389.76000000000005,539.1005136759227,-149.34051367592264
2.0000000000000004,1.178482925254909,0.8215170747450915
307.2499999999999,272.84543117985083,34.40456882014905
11.479999999999999,77.76906179049828,-66.28906179049828
1299.9999999999995,984.0385223423567,315.96147765764283
17.499999999999996,21.054719276336904,-3.5547192763369075
10053.439999999995,12475.7058287537,-2422.265828753705
450.0000000000001,409.68579588155205,40.31420411844806
419.9999999999999,374.0173686843969,45.98263131560299
1789.5000000000005,1870.4569288890953,-80.9569288890948
60.00000000000001,87.33402918216566,-27.334029182165658
246.0600000000001,237.4907769082355,8.569223091764599
67.5,127.86228548728911,-60.362285487289114
14.0,20.497157153638287,-6.4971571536382875
260.00000000000006,759.7750311287122,-499.7750311287121
127.99999999999997,54.490785564982936,73.50921443501704
9799.999999999998,8161.379238260521,1638.6207617394775
37.99999999999999,28.240210624832585,9.759789375167408
1530.0000000000005,798.0382345858378,731.9617654141626
4.19,5.686642828048294,-1.4966428280482935
256.00000000000006,207.64371916131026,48.3562808386898
18.900000000000002,21.485896102623673,-2.5858961026236713
3915.9999999999964,3363.3543560892804,552.645643910716
77832.00000000003,30615.47461094031,47216.52538905972
826.9999999999999,758.3272582830025,68.6727417169974
0.77,2.3558853346944835,-1.5858853346944835
3042.75,6254.089960306379,-3211.339960306379
33.00000000000001,12.742595085391734,20.257404914608273
23.999999999999996,9.943096251702002,14.056903748297994
100.00000000000003,91.27854094132584,8.721459058674185
0.8699999999999999,0.5837769734907063,0.28622302650929354
100.00000000000003,45.72126927620007,54.27873072379996
155.99999999999994,155.3952723089525,0.6047276910474295
0.0,7.052620768482464,-7.052620768482464
250.79999999999998,295.15972362552156,-44.35972362552158
10.499999999999998,8.905602321462469,1.5943976785375291
745.2099999999999,633.9650989138601,111.24490108613986
23.999999999999996,23.17466279369494,0.8253372063050577
1680.0000000000005,632.3330213988353,1047.6669786011653
576.0000000000001,356.82115824553483,219.17884175446528
23.999999999999996,22.404339738726048,1.5956602612739488
41.96,19.657674003956043,22.302325996043958
1800.0,1883.1529845389593,-83.15298453895934
13.14,77.48393144991344,-64.34393144991344
56.00000000000001,77.15924937048689,-21.159249370486883
15.600000000000005,13.65561815358109,1.9443818464189153
3547.499999999999,239.27878017945002,3308.221219820549
168.0,161.4611057640745,6.538894235925511
0.0,48.97549003659866,-48.97549003659866
254.99999999999994,270.53882861436136,-15.538828614361421
80.00000000000003,85.55755315153789,-5.55755315153786
129.99999999999994,63.51718619054614,66.4828138094538
102.59999999999995,96.83379813907433,5.766201860925619
2560.000000000001,2241.010341490512,318.9896585094889
3.0,3.1212071532382817,-0.12120715323828168
125.0,66.57508130240497,58.42491869759503
1250.0000000000005,412.1978081120805,837.8021918879199
123.00000000000003,126.72201740099825,-3.722017400998226
14.0,5.735281886372175,8.264718113627826
620.0,593.2559632696455,26.744036730354537
160.00000000000003,147.56319616808923,12.436803831910794
6.36,6.895140589198469,-0.5351405891984689
1.4,261.0095610205551,-259.60956102055513
2169.9999999999995,953.7559173071081,1216.2440826928914
32.0,56.14317255746948,-24.143172557469477
584.9999999999998,497.1772882835615,87.82271171643828
56.00000000000001,64.42595387839337,-8.425953878393365
27.6,20.41821191028305,7.181788089716953
10343.699999999997,9926.266893994727,417.43310600527
97.99999999999999,56.35353427209953,41.646465727900456
192.0,145.37253398576198,46.627466014238024
23.000000000000004,10.8347724403706,12.165227559629404
40.00000000000001,29.803341579395912,10.196658420604095
2.8,4.45129632782909,-1.6512963278290904
0.44000000000000006,5.26899852162317,-4.82899852162317
14.999999999999998,5.448676477251776,9.551323522748223
471.99999999999983,437.8925851856083,34.10741481439152
89.99999999999997,101.27278713945375,-11.272787139453783
922.8800000000003,589.888797181376,332.9912028186243
40.00000000000001,26.93354493905385,13.066455060946158
239.99999999999994,160.35042801993842,79.64957198006152
117.00000000000004,123.922602674482,-6.922602674481951
12.0,3.5898557534527002,8.4101442465473
140.00000000000003,107.83126431377671,32.168735686223314
34.5,37.09167941565059,-2.5916794156505887
1780.1999999999998,1556.9001194485345,223.29988055146532
2030.6999999999996,1924.2821388882874,106.41786111171223
5404.0,1774.778595002949,3629.2214049970507
109.99999999999997,80.834295282419,29.165704717580965
32.5,26.633567309790582,5.866432690209418
32.0,26.185559130978106,5.814440869021894
31.5,32.3770889851048,-0.8770889851047983
64.61999999999999,187.30313732594487,-122.68313732594488
28.000000000000004,23.843508540333296,4.156491459666707
0.0,12.518271942795353,-12.518271942795353
167.49999999999997,298.5431788416824,-131.04317884168242
0.0,33.54137798627282,-33.54137798627282
1000.8000000000002,1017.0334812088216,-16.233481208821445
1235.9999999999995,1015.5600756299959,220.4399243700036
10.199999999999998,11.12233727504922,-0.9223372750492231
18.999999999999996,40.19730060475513,-21.19730060475513
183.99999999999991,203.1786601599022,-19.17866015990228
7954.380000000005,8977.870406231617,-1023.4904062316127
20.0,2.8669912169815284,17.13300878301847
464.4000000000001,513.6588199828838,-49.258819982883665
9.6,11.83889062003634,-2.23889062003634
32.20000000000001,35.2260626734195,-3.0260626734194886
780.0000000000001,511.2553539161496,268.7446460838505
33.00000000000001,46.100177131566106,-13.100177131566099
7.5,14.175265400113119,-6.675265400113119
208.99999999999994,116.1768460057778,92.82315399422214
89.99999999999997,166.70815537815145,-76.70815537815147
12.0,10.845981085762588,1.1540189142374118
35.99999999999999,34.813936324242185,1.1860636757578078
225.00000000000009,229.75202438039793,-4.752024380397842
30.0,33.08656787473284,-3.086567874732843
16.0,18.115113524429706,-2.115113524429706
100.00000000000003,103.71649721769148,-3.7164972176914546
28.000000000000004,9.153091116343845,18.84690888365616
13.799999999999997,9.035720064993525,4.764279935006472
102.79999999999997,86.78192261202216,16.01807738797781
0.8,3.99990620993386,-3.19990620993386
28.000000000000004,14.075473053180747,13.924526946819256
47.99999999999999,52.02123898038322,-4.021238980383224
5.76,6.072496486491305,-0.31249648649130535
52.5,44.485571882615304,8.014428117384696
3.9000000000000004,10.371500368127014,-6.471500368127014
45.0,55.98985667219549,-10.989856672195486
75.0,127.90536481241435,-52.90536481241435
89.99999999999997,42.57637395412187,47.4236260458781
148.50000000000006,153.93241179184625,-5.432411791846192
158.4,143.89374667260788,14.50625332739213
17.999999999999996,10.937320653996139,7.062679346003858
63.999999999999986,68.13164131814813,-4.131641318148141
614.9999999999998,512.6894575563615,102.31054244363827
780.0000000000001,645.0489080612198,134.95109193878034
1509.7500000000005,1491.5699448643907,18.18005513560979
82647.49999999999,76691.85765744369,5955.642342556297
14.999999999999998,9.501964144534204,5.498035855465794
30.0,25.893500623111233,4.106499376888767
200.0,39.924435508234225,160.07556449176576
30.0,26.561503368335316,3.438496631664684
614.9999999999998,688.2978892652251,-73.29788926522531
175.99999999999994,220.97252608815518,-44.972526088155234
1965.0,1581.120970131921,383.879029868079
35.99999999999999,43.53025561768483,-7.530255617684837
1800.0,2557.771892544973,-757.7718925449731
12.0,12.87820269207749,-0.8782026920774904
1319.9999999999998,1775.1308648629179,-455.1308648629181
180.00000000000006,137.38412817541155,42.61587182458851
299.9999999999999,90.49800566348,209.50199433651989
23543.999999999985,21513.242089220905,2030.7579107790807
255.49999999999994,502.0479126177978,-246.54791261779786
40.56,42.294244473451585,-1.7342444734515823
43.99999999999999,35.61157489243033,8.38842510756966
42.0,34.096494590720184,7.903505409279816
35.0,29.48014376163224,5.519856238367758
0.0,208.3342309847307,-208.3342309847307
107.99999999999997,155.4850306684245,-47.48503066842454
150.0,116.30104861575467,33.69895138424533
100.00000000000003,79.68475140736348,20.31524859263655
75120.0,62098.70140334962,13021.298596650377
986.0000000000003,864.1308742107319,121.86912578926842
279.9999999999999,283.2171309464549,-3.217130946455029
53.75999999999998,32.9508508698524,20.809149130147574
10.000000000000002,9.235523232900327,0.7644767670996746
341.99999999999983,356.43645975284255,-14.436459752842723
249.9999999999999,346.79527951656803,-96.79527951656814
800.0000000000003,899.148729663855,-99.14872966385462
330.0,355.50268752721627,-25.502687527216267
399.19999999999993,334.9867842279714,64.21321577202855
316476.00000000023,369267.41737728816,-52791.41737728793
542.9999999999998,506.3300401371248,36.669959862874975
8.000000000000002,8.924777354093791,-0.9247773540937896
225.00000000000009,23.156742201776527,201.84325779822356
56.999999999999986,49.674066547468875,7.32593345253111
89.99999999999997,99.80891786722458,-9.808917867224608
160.49999999999997,157.66478127824024,2.8352187217597304
43.199999999999996,36.40203008727263,6.797969912727368
1331.0000000000005,1405.4547718266385,-74.45477182663808
0.0,30.004574123611686,-30.004574123611686
428.0,439.2041186422114,-11.204118642211427
89.99999999999997,85.60531707419618,4.394682925803792
899.9999999999998,1101.9479087806521,-201.94790878065237
54.899999999999984,55.82388961944481,-0.9238896194448287
2.0000000000000004,1.323305162778563,0.6766948372214374
0.8400000000000001,4.792800506842338,-3.9528005068423377
972.9000000000001,926.1547730179806,46.74522698201952
279.9999999999999,382.15291402768787,-102.15291402768798
112.00000000000003,160.03868058203483,-48.0386805820348
5.250000000000001,7.150259004561885,-1.9002590045618843
44.550000000000004,33.63045406666026,10.91954593333974
2.0000000000000004,1.6455101909357053,0.35448980906429517
340.00000000000006,273.85859737244334,66.14140262755672
9.93,10.520088379698578,-0.5900883796985781
20.0,18.765373521182806,1.2346264788171943
652.8000000000002,958.4058276211427,-305.60582762114257
50.0,33.84319959871995,16.15680040128005
2.17,8.562090169079035,-6.392090169079035
56.00000000000001,62.45702939162888,-6.457029391628872
697.5,638.609628567421,58.890371432578945
950.0,1001.48929865592,-51.48929865592004
32.39999999999999,27.172448685746076,5.227551314253915
939.9999999999997,984.0385223423567,-44.038522342357055
1463839.9999999995,1221152.3779948116,242687.6220051879
1599.9999999999995,1359.5603721900745,240.439627809925
42.0,48.78483530363132,-6.7848353036313185
34.959999999999994,149.3149603517169,-114.35496035171691
3.999999999999999,5.177987105935732,-1.177987105935733
4627.5,475.46802435023693,4152.031975649763
33.99999999999999,35.70469188789657,-1.7046918878965798
8.400000000000002,6.219597677373045,2.180402322626957
321.99999999999994,301.2604824625332,20.739517537466725
174.00000000000006,210.55465380163267,-36.55465380163261
32.0,27.851694545714242,4.148305454285758
496.0000000000001,462.54048088300965,33.459519116990464
364.0,373.1816319609119,-9.181631960911886
720.0000000000002,558.3187862202956,161.68121377970465
61.99999999999999,52.68696893741625,9.31303106258374
107.20000000000003,62.704364498595766,44.495635501404266
23.999999999999996,24.80406594428633,-0.8040659442863323
21.000000000000004,19.231600075291407,1.7683999247085964
170.50000000000006,187.7185838637449,-17.21858386374484
16.0,25.550318658115753,-9.550318658115753
25.89999999999999,71.43352549120534,-45.53352549120535
10131.660000000009,8540.099829492656,1591.5601705073532
167.20000000000002,122.68310821944081,44.516891780559206
1499.9999999999998,1812.4617002378568,-312.46170023785703
494.0,204.30483461681098,289.695165383189
5.0,6.902921755044363,-1.9029217550443631
780.0000000000001,572.7032854653294,207.29671453467074
9.000000000000002,11.437133924781453,-2.4371339247814507
3389.999999999998,1123.688634829883,2266.311365170115
7.5,6.720359815225525,0.7796401847744754
16000.000000000002,16905.957170586673,-905.957170586671
12.099999999999998,11.056996175160444,1.0430038248395537
60.00000000000001,52.84804139909727,7.151958600902738
525.0000000000001,293.9641427864767,231.0358572135234
51.00000000000001,46.4295714470044,4.570428552995608
70.0,39.25793333509469,30.74206666490531
3.2,2.009980406815212,1.1900195931847883
3.75,3.941934460852779,-0.19193446085277888
8.000000000000002,7.258826246833303,0.7411737531666986
359.99999999999983,418.3995981787584,-58.399598178758595
1550.0000000000005,1836.7681022240533,-286.7681022240529
1248670.000000001,1212430.385140343,36239.61485965783
70.0,34.24108042288106,35.75891957711894
155.99999999999994,89.50194322212221,66.49805677787774
60.00000000000001,51.17795354587434,8.822046454125669
32.0,39.139819612567166,-7.139819612567166
2767.539999999999,2587.2198538715247,180.32014612847433
170.00000000000009,187.61203170407865,-17.61203170407856
59.800000000000004,51.786136008158756,8.013863991841248
7.039999999999997,6.605934255507014,0.4340657444929832
4.19,10.434051024313707,-6.244051024313706
56.00000000000001,55.84793227584835,0.1520677241516566
496.99999999999994,507.15066825708067,-10.150668257080724
257.59999999999997,243.01702665318058,14.582973346819387
33.00000000000001,23.790582848560263,9.209417151439744
460.80000000000007,429.90472479846636,30.895275201533707
35.0,44.42283542129275,-9.422835421292753
75.0,54.391181126535194,20.608818873464806
20.0,18.747383553304946,1.252616446695054
462.0,118.30562685388769,343.6943731461123
559.9999999999998,490.2266690340414,69.7733309659584
12.0,10.028798543724015,1.9712014562759848
3370.4999999999977,3029.213710617236,341.2862893827619
17.999999999999996,13.62122609325827,4.378773906741726
5.250000000000001,8.563105310998017,-3.313105310998016
12.0,7.314250119290973,4.685749880709027
229.99999999999994,128.79068233431707,101.20931766568287
30584.0,30821.682033232082,-237.68203323208218
32.0,46.50561486730994,-14.505614867309937
63.999999999999986,93.36651678514869,-29.366516785148704
1.5,1.7408128460391268,-0.24081284603912678
54.000000000000014,42.94303623342905,11.056963766570966
82647.49999999999,56190.95292728114,26456.547072718844
1683.7000000000003,164.700758403321,1518.9992415966792
190.0,197.64067381611636,-7.640673816116362
56.999999999999986,52.03816889718412,4.961831102815864
100.00000000000003,72.05291061040232,27.947089389597707
800.0000000000003,2733.689058341289,-1933.6890583412887
2.88,42.17547075368441,-39.295470753684405
880.0000000000003,879.8709488645362,0.12905113546412394
28.000000000000004,25.22808893447648,2.771911065523522
75.0,49.19650241037537,25.803497589624627
100.00000000000003,59.019259383394456,40.98074061660557
8.000000000000002,7.577259744182589,0.4227402558174127
8.000000000000002,6.639394763340394,1.360605236659608
97.99999999999999,74.96269222522572,23.037307774774263
11.749999999999996,18.04370625634398,-6.2937062563439845
9.000000000000002,7.18479877880571,1.8152012211942914
780.0000000000001,614.8494326758548,165.1505673241453
140.00000000000003,131.19942106228424,8.800578937715784
180.00000000000006,166.9019481282647,13.09805187173535
8.400000000000002,10.688263296488222,-2.2882632964882195
738.3999999999997,803.9284072055726,-65.52840720557288
3263.9999999999973,1911.4920352668423,1352.507964733155
239.99999999999994,215.7922563668156,24.20774363318435
3.0,7.893087061370382,-4.893087061370382
429.99999999999983,340.58525391479384,89.41474608520599
92.35000000000004,202.25389038499833,-109.90389038499829
0.0,8.745790654033653,-8.745790654033653
0.8699999999999999,1.1168029108696897,-0.24680291086968986
81.00000000000001,69.279437708215,11.720562291785015
148.99999999999997,3.740012689048525,145.25998731095146
8.800000000000002,7.70330081116566,1.096699188834343
42.0,229.94666209880626,-187.94666209880626
80.00000000000003,71.54662221639434,8.453377783605688
170.99999999999994,151.2094955883329,19.79050441166703
160.00000000000003,214.16831814086848,-54.16831814086845
720.0000000000002,552.6207132636653,167.37928673633496
252.00000000000003,96.88934312999815,155.1106568700019
299.9999999999999,192.47041851992117,107.52958148007872
28.000000000000004,28.31297150441978,-0.31297150441977806
389.3400000000001,356.29169134655547,33.04830865344462
45.0,104.6036323130332,-59.6036323130332
5.59,6.176244437589671,-0.5862444375896709
8.000000000000002,13.186444891716011,-5.186444891716009
130.31999999999996,122.51243388738862,7.80756611261134
26.0,30.692637345453875,-4.692637345453875
951.3299999999997,730.2508002735484,221.0791997264513
6.300000000000001,6.413898507086366,-0.11389850708636562
539.9999999999998,466.69879925852257,73.3012007414772
106.4,220.25800828548876,-113.85800828548875
7.800000000000001,7.957055492504166,-0.15705549250416517
200.0,168.75989875099705,31.240101249002947
674.7799999999997,603.1154804727204,71.66451952727937
612.0000000000001,566.8980365060784,45.101963493921744
80.00000000000003,69.31550593806936,10.684494061930664
429.5199999999999,306.2099577602809,123.31004223971905
33.00000000000001,26.04087232594318,6.959127674056827
140.00000000000003,113.19384786411372,26.806152135886308
71.99999999999999,42.86923236138019,29.130767638619794
2.75,5.525695181777709,-2.775695181777709
120.00000000000003,87.15287403521745,32.84712596478258
5.4,6.265529778354567,-0.865529778354567
7.5,7.387650037894822,0.11234996210517778
14.0,11.5303117284474,2.4696882715526005
35502.50000000001,32426.44806918737,3076.0519308126386
4749.999999999996,1774.4229639035555,2975.5770360964407
23.999999999999996,21.191771750847668,2.8082282491523287
8.000000000000002,5.397383644549266,2.6026163554507358
13748.619999999999,12310.536695396258,1438.0833046037405
3041.8399999999983,80.60886619458509,2961.2311338054133
97.99999999999999,327.43565899305537,-229.43565899305537
180.00000000000006,221.9990711584425,-41.99907115844243
75.0,70.53772406292164,4.46227593707836
235.16999999999993,205.42930336058177,29.74069663941816
299.9999999999999,356.9672901415053,-56.96729014150543
48.940000000000005,64.90354040107106,-15.96354040107105
13.439999999999998,12.41570886856619,1.0242911314338077
425.00000000000017,350.32925949802916,74.67074050197101
744.0000000000001,651.3051737418183,92.69482625818182
14.999999999999998,17.95440943886742,-2.9544094388674207
577.8,555.6536645090385,22.146335490961405
2.5,7.729085463941521,-5.229085463941521
54.000000000000014,49.453468243257284,4.546531756742731
0.0,97.67576433026898,-97.67576433026898
20514.359999999986,1722.0369108127127,18792.323089187274
1200.0,303.0907004421825,896.9092995578176
50.0,47.684873372528685,2.315126627471315
6269.999999999996,2395.359336415618,3874.640663584378
873.0299999999997,932.10657741902,-59.07657741902028
450.0000000000001,335.0785007296741,114.92149927032602
3155.9999999999986,2523.5820512271757,632.4179487728229
252.00000000000003,212.04674354309327,39.95325645690676
7.5,13.095160282797352,-5.595160282797352
65.19999999999999,92.30271094598538,-27.102710945985393
495.00000000000017,424.42876336137874,70.57123663862143
170.00000000000009,167.42539438506563,2.5746056149344554
616.0000000000001,820.8962787426829,-204.89627874268274
21.000000000000004,37.0123043992483,-16.012304399248297
401800.00000000023,357757.0915586886,44042.90844131162
57.50000000000001,73.43195642918552,-15.931956429185512
143.99999999999997,188.11205731556416,-44.112057315564186
55.00000000000002,25.219984642294094,29.780015357705928
13109.59999999999,12841.928107886844,267.6718921131451
726.8800000000001,1371.3766115387787,-644.4966115387786
362.99999999999994,366.23454118389793,-3.2345411838979885
773.4999999999999,624.1669042250608,149.33309577493912
431.99999999999994,256.7731758644216,175.22682413557834
47.99999999999999,37.338210139026856,10.661789860973137
125.99999999999999,123.26201836803884,2.737981631961148
175.99999999999994,177.6492043676597,-1.6492043676597632
99.00000000000004,101.44947175955804,-2.4494717595579942
188999.99999999988,192600.98862424883,-3600.9886242489447
5.0,5.622446485835308,-0.622446485835308
20.0,18.54564014381271,1.4543598561872884
56.00000000000001,46.81741320239929,9.18258679760072
12.999999999999996,13.867304657506832,-0.8673046575068355
17.999999999999996,7.554430320446558,10.445569679553438
96.0,68.68249287403813,27.317507125961868
2075.9999999999995,948.5605553846572,1127.4394446153424
320.0,289.37923517506323,30.62076482493677
297.00000000000006,276.1075869217939,20.892413078206175
479.99999999999994,70.06531731665409,409.93468268334584
11.9,11.803862132094311,0.09613786790568923
875.0000000000002,951.6775811618655,-76.6775811618653
2.0000000000000004,5.3553166597870785,-3.355316659787078
52.00000000000001,31.834013030144376,20.16598696985563
2198.9999999999995,1023.7607252555401,1175.2392747444594
150.0,129.23852460047164,20.761475399528365
14.0,11.211410187812364,2.7885898121876362
30.0,25.25018980851211,4.749810191487889
210.00000000000003,213.99604881336913,-3.9960488133691
499.9999999999999,816.1854924701946,-316.18549247019473
1.2000000000000002,1.6382512610171673,-0.43825126101716716
1189.9999999999998,1484.0073816164486,-294.0073816164488
97.99999999999999,92.72068727783936,5.2793127221606255
1391.0000000000005,1352.8552744199794,38.14472558002103
8.800000000000002,6.007527500304964,2.7924724996950383
34.02000000000001,36.64465704769823,-2.6246570476982214
42.0,28.185477226869743,13.814522773130257
30.0,33.824878749218875,-3.8248787492188754
16.0,20.10719967048425,-4.107199670484249
87.99999999999999,397.47563373144965,-309.47563373144965
102.00000000000001,72.86180017865094,29.138199821349076
1021099.7000000005,937004.5821251817,84095.11787481885
140.79999999999998,149.62031314581333,-8.820313145813344
70.0,64.66123822964175,5.338761770358246
1869.9999999999993,2369.9046576386336,-499.90465763863426
54.000000000000014,48.83858061114309,5.1614193888569275
23.999999999999996,23.687272311368076,0.31272768863192013
304.00000000000006,287.9974254368055,16.00257456319457
10.199999999999998,6.917407972875159,3.2825920271248386
600.0,559.375329575916,40.624670424084
10.000000000000002,4.7996940931336916,5.20030590686631
0.8,2.99736256236241,-2.19736256236241
12.5,6.2163586121773005,6.2836413878226995
71.99999999999999,60.17545040562009,11.824549594379896
1315.5999999999997,1120.1572023025558,195.4427976974439
132.0,94.30201638651724,37.69798361348276
29746.0,16043.661450399288,13702.338549600712
899.9999999999998,461.95064998680283,438.04935001319694
45.0,42.44391498921569,2.556085010784308
65.99999999999997,76.48579802659887,-10.4857980265989
47.99999999999999,45.37106580795264,2.6289341920473532
23.999999999999996,23.184500805525243,0.8154991944747536
41.78,37.26815768595394,4.5118423140460635
80.00000000000003,84.45205382654939,-4.45205382654936
17.999999999999996,21.870914751151524,-3.8709147511515276
0.0,30.524228877991572,-30.524228877991572
55.00000000000002,57.47062878738574,-2.4706287873857207
526746.5000000001,540165.5678662014,-13419.06786620128
40.00000000000001,34.45626615678234,5.543733843217666
10.000000000000002,17.396938561207747,-7.396938561207746
170.09999999999994,175.2412528119146,-5.141252811914654
49.50000000000001,55.31923662671397,-5.819236626713966
3109.41,1209.8096737902251,1899.6003262097747
345.00000000000017,430.3010257008076,-85.30102570080743
415.55999999999995,437.3733756808412,-21.81337568084126
300.04000000000013,367.4811449654243,-67.44114496542414
192.0,152.77384453304927,39.22615546695073
100.00000000000003,77.62533157878298,22.374668421217052
17192.000000000007,7239.256769856947,9952.74323014306
419.9999999999999,408.8463849096037,11.153615090396158
60.00000000000001,57.020295554635524,2.979704445364483
2242.6600000000003,153.46257541315762,2089.1974245868428
455.00000000000017,501.851707319948,-46.85170731994782
392.0,325.7902484709876,66.20975152901241
50.0,36.694772928548616,13.305227071451384
330.0,246.0079248023437,83.9920751976563
3.999999999999999,10.449928698843092,-6.449928698843093
125.99999999999999,122.87614322394018,3.12385677605981
101.70000000000002,150.47502988730005,-48.775029887300036
9600.0,9138.168999776417,461.83100022358303
988.0000000000003,280.906595852653,707.0934041473473
89.99999999999997,71.59575919620487,18.404240803795105
81.00000000000001,71.311675063051,9.688324936949016
46.26,49.269971036266746,-3.009971036266748
117.00000000000004,136.71915577310392,-19.71915577310388
65.99999999999997,42.62712389872157,23.3728761012784
486.13,537.6613394138235,-51.5313394138235
555.0,455.66969890419097,99.33030109580903
143.99999999999997,196.80793812926643,-52.80793812926646
60.00000000000001,51.47574276966601,8.524257230333994
23.999999999999996,24.12403896288569,-0.12403896288569527
116.39,124.93511412562361,-8.545114125623613
6.410000000000001,8.099621858216127,-1.6896218582161255
120.00000000000003,154.38362618944174,-34.38362618944171
16.0,12.30028680255434,3.6997131974456607
47.99999999999999,45.22792597200369,2.772074027996304
91.00000000000001,86.80632214780931,4.193677852190703
9.000000000000002,6.685187604612865,2.314812395387137
5.999999999999999,6.2722843035094815,-0.2722843035094824
328.0,319.12218541732904,8.877814582670965
634.0899999999998,739.9508270785905,-105.86082707859066
162.5,135.09844030400106,27.40155969599894
4600.0,4823.296027674269,-223.29602767426877
180.00000000000006,137.7055195783371,42.29448042166297
100.00000000000003,101.67675043118425,-1.6767504311842174
35.99999999999999,27.01548651693665,8.984513483063342
1066.0000000000002,628.0950460082288,437.90495399177144
33.14999999999999,36.61984186978079,-3.469841869780801
92.00000000000003,42.463332213121504,49.536667786878525
2800.000000000001,2858.3946716451105,-58.39467164510961
30.599999999999998,9.273323064795328,21.32667693520467
2750.0000000000005,2882.767874953324,-132.76787495332337
1399.9999999999993,1039.610900134953,360.3890998650463
614.9999999999998,497.53158814355083,117.46841185644894
219.99999999999991,171.42978186877332,48.570218131226596
125.40000000000002,526.2341035422468,-400.83410354224674
60.00000000000001,46.809894507393174,13.190105492606833
460.00000000000006,992.8906901351959,-532.8906901351959
4169.999999999998,3350.5990415534984,819.4009584464998
17.999999999999996,19.07515391746004,-1.0751539174600424
23.999999999999996,31.56661699187071,-7.566616991870713
3199.9999999999986,2893.8904968860775,306.10950311392116
5.0,6.191578324407621,-1.1915783244076206
35.0,26.367075747451075,8.632924252548925
39.60000000000001,41.79309303656254,-2.19309303656253
30.0,20.946400394926673,9.053599605073327
25.000000000000004,23.766531092253683,1.233468907746321
5.59,6.4873839604784065,-0.8973839604784066
3069.9999999999995,2642.525555329273,427.47444467072637
35.99999999999999,99.80891786722458,-63.80891786722459
160.00000000000003,162.03144772911494,-2.031447729114916
5.999999999999999,26.168502721590443,-20.168502721590443
9.000000000000002,7.783870741054468,1.216129258945534
8.000000000000002,16.09407168168671,-8.094071681686708
137.99999999999997,170.22303408674395,-32.22303408674398
48.99999999999999,86.64057759817413,-37.64057759817414
40.56,27.63893505579268,12.921064944207323
116.00000000000003,91.14927773737291,24.850722262627116
3167.999999999999,3003.157077497355,164.8429225026439
117.50000000000003,83.08237799020836,34.41762200979167
37.50000000000001,168.81602105463892,-131.31602105463892
34319.99999999999,32804.50439955019,1515.4956004498017
238.00000000000009,187.1706255401126,50.829374459887475
120.00000000000003,97.33737396784431,22.662626032155714
14.0,22.60554876413469,-8.605548764134689
0.0,47.57524057136051,-47.57524057136051
49.28000000000001,46.32234011442264,2.957659885577371
162.5,139.7353632805076,22.764636719492387
151.99999999999997,136.66919658498355,15.330803415016419
2.1,4.092621946911936,-1.9926219469119357
120.00000000000003,115.8129837410371,4.187016258962927
274.9999999999999,172.98916728581,102.01083271418989
720.0000000000002,137.14446016018084,582.8555398398194
16.0,20.961719330902348,-4.961719330902348
2.0000000000000004,1.9672295422583552,0.03277045774164522
10.000000000000002,9.388298878497002,0.6117011215029997
4.98,7.983631280339932,-3.003631280339931
77.0,64.71532590871402,12.284674091285979
875.0000000000002,903.6645514986656,-28.664551498665332
239.99999999999994,184.14835751500385,55.85164248499609
2646.000000000001,2568.5164151472814,77.48358485271956
12.0,15.737899378102409,-3.7378993781024086
89.99999999999997,51.29875288953032,38.70124711046965
84.00000000000001,36.08371745108192,47.9162825489181
193.00000000000003,154.4301415929262,38.56985840707384
337.28,430.6978125423155,-93.41781254231552
16.500000000000004,20.090039388843437,-3.590039388843433
14.999999999999998,13.002596157727664,1.997403842272334
856.9000000000001,1025.6401189635326,-168.7401189635325
34.809999999999995,36.627257357628395,-1.8172573576283995
3040.0000000000014,3095.904308233982,-55.90430823398083
299.9999999999999,244.7119924508455,55.2880075491544
87.22,94.69246792164718,-7.47246792164718
109.50000000000004,98.10324946198345,11.39675053801659
5.800000000000001,8.08241510390118,-2.2824151039011795
1184.4,1064.8284655882044,119.57153441179571
4735.999999999996,1006.9399445193869,3729.0600554806097
97.04999999999997,66.45839346339321,30.59160653660676
728.0000000000001,818.4231162868323,-90.42311628683217
28.400000000000002,28.32612314845658,0.07387685154342094
1.75,4.620682758200891,-2.870682758200891
35.99999999999999,27.98757597293883,8.012424027061162
29375.839999999997,29189.44293892673,186.39706107326492
40.00000000000001,50.30652479927551,-10.3065247992755
338.94000000000005,301.12637681590735,37.813623184092705
499.9999999999999,386.5329017320652,113.46709826793466
166.39999999999998,202.93334113969317,-36.53334113969319
392.0,330.8157996459603,61.18420035403972
192.0,198.75701696433393,-6.757016964333928
1170.7000000000005,1209.0652881528122,-38.36528815281167
120.00000000000003,142.95381234557652,-22.953812345576495
14.999999999999998,16.572136664823976,-1.5721366648239776
659.9999999999998,589.4513720429,70.54862795709982
152.10000000000002,73.64142663710271,78.45857336289731
200.0,160.14806650053876,39.85193349946124
8.41,7.797469731380984,0.6125302686190164
31.0,28.867095208159316,2.1329047918406836
258.99999999999994,192.76861039772368,66.23138960227627
62.99999999999998,72.85344452129033,-9.85344452129035
117.00000000000004,91.78798657537547,25.212013424624573
2.25,5.518301926968241,-3.268301926968241
163.99999999999994,152.6070528596511,11.392947140348838
2339.999999999999,2312.99238330642,27.007616693579166
125.0,105.61312344077578,19.38687655922422
9.6,10.813455345572613,-1.2134553455726138
192.0,202.02218578697773,-10.02218578697773
16.999999999999996,23.123295084189525,-6.123295084189529
239.99999999999994,154.81463557536412,85.18536442463582
7.800000000000001,8.621654291315286,-0.8216542913152853
198.12000000000003,199.08853292278496,-0.9685329227849309
170.00000000000009,179.50504456793854,-9.505044567938455
2.0000000000000004,3.773076556107104,-1.7730765561071036
293.39999999999986,277.0664275589414,16.333572441058436
928.5,888.6467549430157,39.85324505698429
157.24000000000004,196.34337308207222,-39.10337308207218
23.999999999999996,22.55798333105344,1.4420166689465574
270.00000000000006,379.85538573010433,-109.85538573010427
1.0,43.160085015678376,-42.160085015678376
5062.500000000002,5394.6694909025755,-332.16949090257367
4745.0,2124.2242062562736,2620.7757937437264
539.9999999999998,481.6515016788545,58.34849832114526
1330.0000000000005,1883.382556036602,-553.3825560366015
9.000000000000002,7.40327116129326,1.596728838706742
180.00000000000006,114.71743321973979,65.28256678026027
249.9999999999999,204.70773981126226,45.29226018873763
11999.999999999998,11921.865130381884,78.13486961811395
154.00000000000003,254.20759146109435,-100.20759146109432
73.38000000000001,499.5087601718008,-426.1287601718008
38100.000000000015,30613.74331235468,7486.256687645335
132.0,100.84212619430876,31.15787380569124
151.99999999999997,86.40690849706242,65.59309150293755
87.99999999999999,74.90756570364806,13.092434296351925
246.83999999999995,301.19601262025594,-54.356012620255996
2240.3999999999996,1096.431636375775,1143.9683636242246
17.999999999999996,13.243785503088617,4.7562144969113795
10.000000000000002,16.56076477162858,-6.560764771628579
3299.999999999998,2857.0727654682646,442.9272345317336
299.9999999999999,200.4798955060928,99.5201044939071
150.0,76.98215185822801,73.01784814177199
15.84,181.03277473199347,-165.19277473199347
279.9999999999999,258.84994013548965,21.15005986451024
620.9999999999999,345.4837762719818,275.5162237280181
1.0,7.1900210383008005,-6.1900210383008005
40.56,40.04696788292967,0.5130321170703311
25.000000000000004,13.963538627732598,11.036461372267405
49.8,179.89358117320927,-130.09358117320926
87.49999999999996,80.23972248988935,7.260277510110612
1325.54,1204.8964052736599,120.6435947263401
25.5,18.2718228427837,7.228177157216301
20.0,21.054719276336904,-1.054719276336904
129.99999999999994,132.93254938425267,-2.9325493842527237
60.00000000000001,73.95276578242668,-13.952765782426674
600.0,445.9542059962362,154.04579400376377
1050.0000000000002,1331.2539557241855,-281.2539557241853
61.99999999999999,28.342422110576514,33.65757788942348
10.000000000000002,8.20216521845801,1.797834781541992
47.99999999999999,60.06132532895136,-12.06132532895137
71.99999999999999,88.4590124534809,-16.45901245348091
2660.0,1731.2134730733783,928.7865269266217
2142.8999999999996,1064.5411083909537,1078.358891609046
140.00000000000003,144.35932205448725,-4.359322054487222
576.0000000000001,431.98801207119305,144.01198792880706
35.99999999999999,62.20370553504189,-26.203705535041898
880.0000000000003,543.9751420280676,336.02485797193276
14.999999999999998,19.209370733791125,-4.209370733791127
64.99999999999997,94.2487589280638,-29.248758928063822
42.0,46.41755768152061,-4.417557681520613
20.0,18.822257702450564,1.177742297549436
12.600000000000001,19.033371271256694,-6.433371271256693
389.3400000000001,334.9867842279714,54.353215772028705
2297.4500000000003,2825.5946695403363,-528.144669540336
6515.699999999999,3334.878436060262,3180.8215639397367
15.5,11.876059828114885,3.623940171885115
10.199999999999998,8.778247685393051,1.4217523146069464
3240.0000000000005,1349.4806944535496,1890.5193055464508
2984.8000000000015,2942.073226712055,42.726773287946344
1363.6000000000004,1149.8294150071365,213.77058499286386
17.999999999999996,44.5187963398602,-26.518796339860206
140.00000000000003,94.24257238846879,45.75742761153124
21.000000000000004,13.730516074098741,7.2694839259012625
2477.6399999999994,3093.855554079548,-616.2155540795484
43.99999999999999,42.58624148459305,1.4137585154069399
225.00000000000009,201.16942712162262,23.830572878377467
419.9999999999999,242.9671150326036,177.03288496739628
47.99999999999999,196.15210271355517,-148.15210271355517
4631.999999999997,3867.502996771213,764.4970032287843
1125.0000000000002,912.738767875676,212.26123212432424
17.999999999999996,20.81626793366694,-2.8162679336669427
276.0,240.6085766067846,35.391423393215405
94.85999999999999,89.4546535454613,5.405346454538687
3.0,2.56814561771378,0.43185438228622
9.000000000000002,10.247513846529621,-1.2475138465296194
60.00000000000001,56.75303058430094,3.24696941569907
5.250000000000001,6.097763259850988,-0.8477632598509874
20.0,13.501678933521074,6.498321066478926
125.0,36.01275898867769,88.98724101132231
25370.99999999999,21555.99017634036,3815.0098236596277
50.0,26.90020424530608,23.09979575469392
720.0000000000002,2219.482478524345,-1499.4824785243447
217.86000000000007,63.3668417559459,154.49315824405417
62.99999999999998,55.74310137749416,7.256898622505815
3600.000000000002,1131.3970636786205,2468.602936321381
150.0,149.34772712728844,0.6522728727115634
145.0,124.26591294698726,20.734087053012743
43.99999999999999,60.7453751384535,-16.745375138453504
210.00000000000003,119.38461947652483,90.6153805234752
17.999999999999996,12.49549209066727,5.504507909332727
1911.9999999999998,2512.856457093309,-600.8564570933092
2325.0000000000005,1961.1477887965957,363.85221120340475
16372.29999999999,8781.946250552388,7590.353749447602
100.00000000000003,82.86727735970041,17.13272264029962
2.0000000000000004,1.323305162778563,0.6766948372214374
49.4,51.48338602284831,-2.083386022848309
22.200000000000003,23.273269757987475,-1.0732697579874717
2367.4799999999996,2712.7730037483834,-345.29300374838385
369.1999999999998,410.29789600720056,-41.097896007200745
42.0,38.42775323889838,3.572246761101617
612.0000000000001,611.7470561898701,0.25294381012997746
0.0,157.46543077031487,-157.46543077031487
524846.4999999997,578370.5683032743,-53524.06830327469
2.0000000000000004,1.382198489569658,0.6178015104303425
14.999999999999998,16.775675446654226,-1.775675446654228
6577.999999999995,6101.032528075152,476.96747192484327
34319.99999999999,33380.44304423019,939.5569557698036
1759.9999999999995,1074.6211740092283,685.3788259907712
54.000000000000014,26.585328593958035,27.41467140604198
14.999999999999998,9.543282075446236,5.456717924553763
1.2000000000000002,0.9234395445568881,0.27656045544311203
60.00000000000001,84.53545822208793,-24.535458222087918
399.19999999999993,336.46518244271164,62.734817557288295
23.999999999999996,24.79455267005686,-0.7945526700568628
8.1,13.702602133045232,-5.602602133045233
882.9999999999999,967.8691647072329,-84.86916470723304
159.28000000000006,645.4986526473834,-486.21865264738335
5.0,6.3327721231701375,-1.3327721231701375
3712.299999999997,2950.3932315726993,761.9067684272977
1344.0000000000002,1314.344549249213,29.655450750787168
175.99999999999994,102.09169595747329,73.90830404252665
275.97999999999996,631.3281744057513,-355.3481744057513
41.96,79.23723537835399,-37.277235378353986
62.49000000000001,46.34868124183552,16.141318758164488
16.0,19.431982118084854,-3.4319821180848535
14.999999999999998,11.604020893862927,3.395979106137071
28.89999999999999,17.87900193307636,11.020998066923632
5.999999999999999,17.64362582236747,-11.643625822367468
17.999999999999996,48.13966811251846,-30.13966811251846
6.499999999999999,7.341140433496346,-0.8411404334963466
40.00000000000001,27.562320690107626,12.437679309892381
810.0000000000002,680.4397107882503,129.56028921174993
972.9000000000001,1012.6590610664916,-39.75906106649154
10.000000000000002,9.300249338390296,0.6997506616097056
57.72000000000002,45.91379210659319,11.806207893406828
852.0000000000001,811.1057813817079,40.89421861829226
92.16,77.59417955639235,14.565820443607649
871.0,833.1758491741043,37.824150825895686
70.0,31.578350812835808,38.42164918716419
14.999999999999998,14.15465801004401,0.8453419899559886
12625.900000000001,12692.613789491486,-66.71378949148493
1040.0000000000005,1128.9660017938425,-88.966001793842
174.00000000000006,134.8828727901497,39.117127209850366
26.999999999999996,8.813729296714959,18.18627070328504
54.000000000000014,41.14596956090353,12.854030439096483
448.0000000000001,1018.9102833105115,-570.9102833105114
10.7,9.764615430839202,0.9353845691607976
20.0,14.775787315797503,5.224212684202497
1225.0000000000005,1058.3913932942398,166.60860670576062
0.0,1.8401468889083201,-1.8401468889083201
1800.0,1510.1041524074865,289.8958475925135
299.5799999999999,228.27698766448242,71.30301233551751
8.000000000000002,18.05306615222847,-10.05306615222847
1105.5599999999995,718.7738743308597,386.7861256691398
722.0000000000001,939.7775029472205,-217.77750294722034
120.00000000000003,85.63937966889942,34.360620331100606
812.3999999999996,1036.302121118191,-223.90212111819142
2048.000000000001,847.4330705271525,1200.5669294728484
71.99999999999999,67.7157501495711,4.284249850428893
52.5,66.44497698472395,-13.94497698472395
201.40000000000003,20.9877319588383,180.41226804116172
5.999999999999999,5.633906758241757,0.3660932417582421
3.5999999999999996,5.010069972460334,-1.4100699724603345
57.42000000000002,50.63093768898851,6.789062311011513
21.000000000000004,17.66543761491,3.3345623850900026
15.75,20.33657357871452,-4.586573578714521
102.00000000000001,70.34593584540534,31.65406415459468
21.000000000000004,16.92828300153691,4.071716998463092
80.00000000000003,85.79718090065975,-5.7971809006597255
33.99999999999999,35.443886868774236,-1.4438868687742428
129.99999999999994,102.20589602417589,27.794103975824058
22.0,26.37779344107935,-4.377793441079351
100.00000000000003,87.80229188695363,12.197708113046403
278.4,1232.0800136584153,-953.6800136584153
2.5,3.843678083964898,-1.3436780839648979
246.00000000000006,209.08580294668923,36.91419705331083
60.00000000000001,41.16328857110792,18.836711428892087
8.000000000000002,9.040334769112551,-1.0403347691125493
816.0000000000001,913.1176987017285,-97.11769870172839
14.0,17.148938159609965,-3.1489381596099655
235.0000000000001,54.84081993875285,180.15918006124727
23.999999999999996,22.481702098813095,1.5182979011869016
385.00000000000006,882.1556940470913,-497.15569404709123
749.9999999999998,816.5622785472535,-66.56227854725375
32.0,38.92416363967378,-6.924163639673779
465000.00000000023,470945.9019876784,-5945.9019876781385
127.99999999999997,103.80171757200546,24.198282427994513
37.99999999999999,39.720240211578215,-1.720240211578222
23.999999999999996,23.747137845136994,0.2528621548630028
359.99999999999983,312.40120400758553,47.598795992414296
6875.0000000000055,4595.461990257865,2279.5380097421403
256.00000000000006,175.76766279986128,80.23233720013877
5.0,7.648062791843238,-2.6480627918432376
288.00000000000006,149.48809150412706,138.511908495873
2.0000000000000004,4.966552592356729,-2.9665525923567286
14.0,17.51283610182771,-3.512836101827709
200.0,70.96424992130022,129.03575007869978
180.00000000000006,180.3726683862555,-0.37266838625544096
5.0,5.633906758241757,-0.633906758241757
219.99999999999991,141.69343727964542,78.30656272035449
1.4,2.905807549118609,-1.5058075491186091
965.9999999999999,992.2874648863661,-26.28746488636625
71.99999999999999,78.90146218401902,-6.901462184019039
844.9999999999998,565.6698683188771,279.3301316811227
780.0000000000001,509.09499877352386,270.90500122647626
100.00000000000003,124.12883615237035,-24.128836152370326
150.0,199.70609820807869,-49.706098208078686
1150.0000000000002,986.6251020117637,163.3748979882365
47.99999999999999,141.08575368410766,-93.08575368410766
4363.200000000001,12908.462588605162,-8545.262588605161
1308.9999999999998,2016.0807519428702,-707.0807519428704
100.00000000000003,83.0097837968163,16.990216203183735
3.999999999999999,4.953370147984092,-0.953370147984093
100.00000000000003,48.31766085868882,51.68233914131121
3.0,7.105483870491254,-4.105483870491254
35.0,39.46620245368609,-4.466202453686087
0.0,5878.6837928454,-5878.6837928454
1460.5000000000005,1071.6437984908505,388.85620150914997
5340.0,2060.785987178261,3279.214012821739
5176.000000000002,1177.6999247325364,3998.300075267465
269.00000000000006,339.0535401834676,-70.05354018346753
21.000000000000004,10.384944850286562,10.615055149713442
50.0,44.55959567709788,5.440404322902118
176.67000000000004,166.1444704200587,10.525529579941349
7.830000000000002,8.300707697604732,-0.4707076976047304
51.00000000000001,91.11377128623572,-40.11377128623571
87.49999999999996,102.61736581088054,-15.117365810880585
17.999999999999996,24.462000752594143,-6.462000752594147
160.00000000000003,161.6820359617948,-1.6820359617947815
828.0000000000001,355.183557942217,472.8164420577831
299.9999999999999,263.8613667581427,36.13863324185718
47.99999999999999,37.10655107439039,10.893448925609604
64.8,53.286646192130995,11.513353807869002
200.0,117.18563666275118,82.81436333724882
180.00000000000006,143.23461268520967,36.76538731479039
20.0,58.551737819171194,-38.551737819171194
279.9999999999999,342.5898126909747,-62.58981269097484
950.0,670.0649784227166,279.93502157728335
35.0,51.42801785799713,-16.428017857997133
5.999999999999999,4.427099634222695,1.5729003657773042
366.71999999999997,432.4311509004167,-65.71115090041673
27.6,25.747982996691988,1.8520170033080134
744.0000000000001,830.6990568343992,-86.69905683439913
50.239999999999995,24.554339853186544,25.68566014681345
145.50000000000003,203.43712725842002,-57.93712725841999
7.5,184.96141456316082,-177.46141456316082
2.8199999999999994,3.1167585038371284,-0.296758503837129
2023.8000000000002,1614.2630182524601,409.53698174754004
0.0,3.7881934926771823,-3.7881934926771823
22.400000000000002,21.31780992532655,1.082190074673452
274.0000000000001,221.42284638755734,52.57715361244277
230.99999999999997,233.40663490471485,-2.4066349047148776
27.5,23.01052574995866,4.48947425004134
180.00000000000006,183.16924555998557,-3.1692455599855123
130.04999999999998,114.82990654786289,15.220093452137093
239.99999999999994,179.9583304157245,60.04166958427544
0.0,29.72715857208072,-29.72715857208072
32.0,29.217838544906957,2.7821614550930427
620.0,971.2653418793525,-351.2653418793525
20.0,19.00841710674809,0.9915828932519091
0.0,322.6909669354716,-322.6909669354716
800.0000000000003,455.2157634217421,344.78423657825823
60.00000000000001,55.74178347416611,4.258216525833895
60.00000000000001,37.41642216320655,22.58357783679346
100.00000000000003,81.2870762196193,18.712923780380734
8.55,19.892218708280932,-11.342218708280932
810.0000000000002,561.4112685942798,248.5887314057204
5.999999999999999,7.375016967143303,-1.3750169671433037
1200.0,504.5137540910917,695.4862459089084
28.400000000000002,32.37355539865413,-3.973555398654131
11.250000000000002,12.570594221770554,-1.320594221770552
25969.999999999985,26981.775856978067,-1011.7758569780817
16753.79999999999,15207.01288049533,1546.7871195046591
89.99999999999997,86.02950084083159,3.9704991591683836
14.999999999999998,7.472284112532039,7.527715887467959
60.00000000000001,58.614878015296426,1.3851219847035807
909.9999999999999,903.6645514986656,6.3354485013343265
140.00000000000003,114.87180152090326,25.128198479096767
39.60000000000001,42.51676300181176,-2.916763001811752
12.099999999999998,12.876516120806212,-0.7765161208062139
299.9999999999999,92.76985758847901,207.2301424115209
12.0,10.854988081454417,1.145011918545583
12.0,12.137105250943067,-0.13710525094306725
2999.9999999999995,2883.3924145015503,116.60758549844923
32.0,39.27517319397407,-7.275173193974069
97.99999999999999,106.13838544664793,-8.138385446647945
40.00000000000001,37.15531843933352,2.844681560666487
28.000000000000004,25.270686996882365,2.729313003117639
28.75,43.69816520141364,-14.948165201413637
21.75,18.58668830843466,3.1633116915653403
70.0,263.2740963731108,-193.2740963731108
318.4,281.7640087490624,36.63599125093759
56.64000000000002,59.53513416645439,-2.895134166454369
579.9999999999998,541.9096899969416,38.09031000305822
40.00000000000001,43.52474926410914,-3.5247492641091327
2035800.000000001,2014854.247421653,20945.75257834792
160.00000000000003,153.70048192512866,6.299518074871372
200.0,175.81898448347079,24.181015516529214
235.79999999999995,180.84501015903396,54.95498984096599
71.99999999999999,37.12477957789617,34.875220422103816
960.0,870.6034842090779,89.39651579092208
365.1200000000001,683.3384161180478,-318.2184161180477
21.25,10.97221449334487,10.27778550665513
26.999999999999996,25.89741596747018,1.1025840325298155
2984.9999999999973,5876.845066822341,-2891.845066822344
39.89999999999999,37.47242948694119,2.4275705130588037
296.00000000000006,394.6884862695337,-98.68848626953366
632.9999999999999,559.3097977311841,73.69020226881582
75.0,67.45253910994883,7.54746089005117
3989.999999999997,2675.0709571793695,1314.9290428206273
1.71,1.8145961882858344,-0.10459618828583439
400.00000000000006,1856.2481760494782,-1456.2481760494782
120.00000000000003,129.49924780276882,-9.499247802768792
14.999999999999998,19.95049126883949,-4.950491268839491
30.0,11.416645699070349,18.58335430092965
6.79,16.13725166832596,-9.34725166832596
45.0,30.436292170167786,14.563707829832214
378.0,398.56773713544817,-20.56773713544817
31.5,37.23444015462418,-5.734440154624181
12.0,15.897998198516003,-3.897998198516003
0.24999999999999997,0.3713440458759857,-0.12134404587598571
23.400000000000002,29.690675925437745,-6.290675925437743
25.000000000000004,13.577770555111325,11.422229444888679
804.9999999999998,42.79954516361779,762.2004548363819
20.0,76.02847370819632,-56.028473708196316
202.50000000000009,119.6610880108832,82.83891198911688
5.0,5.719483682075976,-0.7194836820759756
708.0,504.57959718334064,203.42040281665936
446.4000000000001,395.56973450630704,50.83026549369305
730.9999999999998,654.367224675507,76.63277532449274
162.0,29.620158428105352,132.37984157189464
192.0,198.98955858862453,-6.989558588624533
6748.7199999999975,6280.27842170162,468.44157829837786
17.999999999999996,18.555463579355862,-0.555463579355866
539.9999999999998,481.62044608105646,58.379553918943316
335.99999999999994,368.20784332996755,-32.2078433299676
11.0,10.623729203714356,0.3762707962856435
96.0,65.88157769597606,30.118422304023937
559.9999999999998,129.48491243760864,430.51508756239116
3.5999999999999996,3.1570310067674523,0.44296899323254735
517.5,304.4339035338011,213.06609646619893
5309.999999999995,5500.953595653941,-190.95359565394574
184.65999999999997,53.025307049862036,131.63469295013795
38.5,43.05829124548038,-4.558291245480383
452.2000000000001,1230.7574438521303,-778.5574438521303
20.0,7.665111430062305,12.334888569937695
62.99999999999998,57.57704058809752,5.422959411902461
33.99999999999999,265.4783016695878,-231.47830166958778
1200.0,140.76963469571487,1059.2303653042852
208.49999999999991,84.90874403251784,123.59125596748207
150.0,191.86682726140893,-41.86682726140893
600.0,555.1091420791095,44.89085792089054
50.0,53.47461011448211,-3.474610114482111
2.1,2.5982713037602543,-0.4982713037602542
242.43999999999997,87.41542766461447,155.0245723353855
52.5,53.970804996536515,-1.4708049965365149
50.0,46.640504544539475,3.359495455460525
178.35999999999999,194.77481256443798,-16.414812564437995
260.99999999999994,734.3752044241671,-473.3752044241672
23.999999999999996,16.384847018050603,7.615152981949393
643.4999999999998,917.9643903699921,-274.4643903699923
218.35000000000008,215.81453594142315,2.5354640585769346
2.1,2.6352300784153266,-0.5352300784153265
132.0,373.81783604080454,-241.81783604080454
71.99999999999999,67.7157501495711,4.284249850428893
35.99999999999999,36.01854707215021,-0.01854707215021989
23.999999999999996,20.354966425362758,3.645033574637239
8.000000000000002,8.12424406141847,-0.12424406141846767
180.00000000000006,152.15772616729393,27.842273832706127
3.0,3.708646400085385,-0.7086464000853852
