cultivo,ciclo,h,anio,series_total,series_pronosticadas,observado_2025_t,referencia_naive_t,pron_central_t,pi80_lo,pi80_hi,pi95_lo,pi95_hi,esc_normal_t,esc_historico_t,esc_estres_t,modelo_central,delta_central_vs_naive_pct
Acelga,Transitorio,1.0,2026.0,3,2,44.0,44.0,43.20428421147281,32.82049971619651,91.06189664910232,24.807520360446077,153.96600790329737,45.38055711364767,43.20428421147281,39.07176068110263,pool_A_full,-1.8084449739254271
Acelga,Transitorio,2.0,2027.0,3,2,44.0,44.0,42.42295850512997,28.572347086378795,103.18675936836475,20.62337567170751,164.3093036919048,46.804430998750874,42.42295850512997,34.69551097093994,pool_A_full,-3.584185215613711
Aguacate,Permanente,1.0,2026.0,71,61,117257.59000000001,117257.59000000001,119794.96649384433,113665.26404575966,130747.21302898486,110104.79518631873,148308.3652036073,121830.88104755765,119794.96649384433,111158.94471041852,pool_A_full,2.1639336897887107
Aguacate,Permanente,2.0,2027.0,71,61,117257.59000000001,117257.59000000001,122387.25013247576,113400.77181215078,138401.27649061562,106569.55008986604,149824.44565837487,126582.54000294686,122387.25013247576,105377.49402093187,pool_A_full,4.374693469715485
Ahuyama,Transitorio,1.0,2026.0,22,18,11051.75,11051.75,10851.885182594197,9322.91749514397,15481.093051043195,8269.23682639389,19967.9523513875,11398.513001835356,10851.885182594197,9813.893888804,pool_A_full,-1.8084449739254271
Ahuyama,Transitorio,2.0,2027.0,22,18,11051.75,11051.75,10655.634810433412,8546.096503123936,19105.23218267522,7147.85328327434,23863.3897053101,11756.156142964655,10655.634810433412,8714.684394842854,pool_A_full,-3.584185215613711
Ají,Transitorio,1.0,2026.0,20,15,9954.5,9954.5,9774.478345070593,7547.946807135077,15617.01964323784,5660.553797588051,23097.174531090375,10266.835358813767,9774.478345070593,8839.541856819002,pool_A_full,-1.8084449739254382
Ají,Transitorio,2.0,2027.0,20,15,9954.5,9954.5,9597.712282711735,6611.535710167908,18720.956605262916,4335.094077097392,30751.96415761463,10588.970644933308,9597.712282711735,7849.4650900050365,pool_A_full,-3.5841852156137
Algodón,Transitorio,1.0,2026.0,6,1,465.0,465.0,437.2954290245501,257.1900596249907,683.6570740896565,142.9121925267911,1288.1195306870825,456.5631710628796,437.2954290245501,365.6321560555717,pool_A_full,-5.957972252784927
Algodón,Transitorio,2.0,2027.0,6,1,465.0,465.0,411.2414887005706,207.9570399391096,718.3788309709695,70.26687762135563,1344.8212716737473,448.2794175720264,411.2414887005706,287.4986527781634,pool_A_full,-11.560970171920303
Arazá,Permanente,1.0,2026.0,1,1,1.25,1.25,1.2770491711223593,1.0979569848078952,2.807363775887502,0.02649751064097898,37.266946699007406,1.298752612171605,1.2770491711223593,1.1849866681382686,pool_A_full,2.163933689788733
Arazá,Permanente,2.0,2027.0,1,1,1.25,1.25,1.3046836683714436,1.1356211876815914,3.54876540761281,0.0,20.490007597368333,1.349406678098054,1.3046836683714436,1.123354722932348,pool_A_full,4.374693469715485
Arracacha,Transitorio,1.0,2026.0,18,15,4034.7,4034.7,4110.59733801791,3411.987927300253,6515.855312118596,2804.05735584249,8370.406519722032,4159.541029200404,4110.59733801791,3866.743387967423,pool_A_full,1.8811147797335614
Arracacha,Transitorio,2.0,2027.0,18,15,4034.7,4034.7,4187.922392078702,3311.120069357388,7331.888592996728,2743.7987907312395,10497.645091241602,4288.244869160424,4187.922392078702,3705.7784787939095,pool_A_full,3.7976154876125046
Arroz,Transitorio,1.0,2026.0,6,2,16948.78,16948.78,16885.712654715295,15688.319876857617,20486.314808057996,12268.930292505944,23771.26036737165,17243.865765862713,16885.712654715295,15490.007374419903,pool_A_full,-0.3721055160589959
Arroz,Transitorio,2.0,2027.0,6,2,16948.78,16948.78,16822.87998650123,14608.747697256289,23398.818679012726,12172.722577944549,26930.205570170096,17544.089105592968,16822.87998650123,14156.790545371583,pool_A_full,-0.7428264069671675
Arveja,Transitorio,1.0,2026.0,15,11,299.56,299.56,289.9939250341441,286.8170787027005,661.4031148084752,255.6436925207121,1424.833524892481,300.2557528415301,289.9939250341441,261.522864240465,pool_A_full,-3.1933752723514064
Arveja,Transitorio,2.0,2027.0,15,11,299.56,299.56,280.73333074078243,291.1972873723806,773.4236711967253,239.0621417791137,1339.1554776592798,300.953121626499,280.73333074078243,228.31555788668945,pool_A_full,-6.2847740884021785
Banano,Permanente,1.0,2026.0,38,38,100257.41,100257.41,102426.91387149964,97121.04012275151,112001.68179620501,91921.8695622272,126032.05280167669,104167.65850164769,102426.91387149964,95042.95538565784,pool_A_full,2.163933689788755
Banano,Permanente,2.0,2027.0,38,38,100257.41,100257.41,104643.36436817588,95428.72529157993,115503.85805119008,89762.97529545607,127229.22024179735,108230.41486625173,104643.36436817588,90099.70802597186,pool_A_full,4.374693469715485
Berenjena,Transitorio,1.0,2026.0,10,7,880.75,880.75,864.8221208921519,754.7014092048028,1512.4322806127436,633.7003502279123,5445.288385335937,908.3846744964815,864.8221208921519,782.1012095427532,pool_A_full,-1.808444973925416
Berenjena,Transitorio,2.0,2027.0,10,7,880.75,880.75,849.1822887134824,708.170790265375,2310.2839045972355,570.2572785779968,4438.067746303558,936.8864227761325,849.1822887134824,694.5016201739853,pool_A_full,-3.584185215613689
Borojó,Permanente,1.0,2026.0,1,1,1164.0,1164.0,1189.1881881491408,997.3751423066132,1402.9905168647572,618.1066417439372,1799.6499136511643,1209.3984324541987,1189.1881881491408,1103.4595853703556,pool_A_full,2.163933689788733
Borojó,Permanente,2.0,2027.0,1,1,1164.0,1164.0,1214.9214319874882,762.6897010364196,1542.360353927737,378.8794247126192,1949.7091630544903,1256.567498644908,1214.9214319874882,1046.0679179946026,pool_A_full,4.374693469715485
Brevo,Permanente,,,1,0,,,,,,,,,,,,
Brócoli,Transitorio,,,1,0,,,,,,,,,,,,
Cacao,Permanente,1.0,2026.0,35,32,1167.27,1167.27,1183.4859923331169,1151.4944056904503,2813.2129361418088,1062.7856153559433,3929.1243609335497,1202.5294720525126,1183.4859923331169,1099.5131182166115,pool_A_full,1.3892237728303503
Cacao,Permanente,2.0,2027.0,35,32,1167.27,1167.27,1199.9272610867256,1229.5265124746545,2814.4710575932954,1101.1701722465473,5105.738976071734,1238.854019339908,1199.9272610867256,1035.6893410525552,pool_A_full,2.7977469725706694
Café,Permanente,1.0,2026.0,39,39,44751.55,44751.55,45373.24917131006,43138.350845493354,53838.91939774728,40616.22724117078,62702.993303373354,46103.350377403345,45373.24917131006,42153.84297165746,pool_A_full,1.3892237728303503
Café,Permanente,2.0,2027.0,39,39,44751.55,44751.55,46003.585135303445,43295.65164670761,58263.147575839066,39666.239448686,70426.32681596818,47495.9842959991,46003.585135303445,39706.9258445608,pool_A_full,2.797746972570647
"Calabacín, calabaza",Transitorio,1.0,2026.0,1,1,354.0,354.0,347.598104792304,224.30051573333787,559.627844827553,72.23931251792794,843.1244923114208,365.10720950525626,347.598104792304,314.35007457068934,pool_A_full,-1.808444973925416
"Calabacín, calabaza",Transitorio,2.0,2027.0,1,1,354.0,354.0,341.3119843367275,151.11562034538517,597.7579017168285,47.883733037046795,867.8461590488325,376.5629221263138,341.3119843367275,279.1411564480168,pool_A_full,-3.5841852156137
Caña,Permanente,1.0,2026.0,64,63,27132145.8,27132145.8,27509072.019532595,27649217.805291757,29898794.01703998,27288953.188806556,31609482.767827827,27951720.651199628,27509072.019532595,25557197.762699064,pool_A_full,1.3892237728303503
Caña,Permanente,2.0,2027.0,64,63,27132145.8,27132145.8,27891234.58771296,28556615.3673711,33511159.48069335,27878475.23508849,36670623.85442001,28796052.222404763,27891234.58771296,24073671.219978116,pool_A_full,2.7977469725706694
Cebolla de bulbo,Transitorio,1.0,2026.0,8,5,1984.0,1984.0,1948.1204517173196,1428.3501240443545,3130.078844837197,889.3913707511616,4284.990311616581,2046.2505753062949,1948.1204517173196,1761.7812088933547,pool_A_full,-1.8084449739254271
Cebolla de bulbo,Transitorio,2.0,2027.0,8,5,1984.0,1984.0,1912.8897653222239,1205.2582199467195,3604.1035811508477,688.9263098902729,6374.334401649724,2110.454343216403,1912.8897653222239,1564.4521310532916,pool_A_full,-3.584185215613711
Cebolla de rama,Transitorio,1.0,2026.0,14,12,25839.260000000002,25839.260000000002,25371.971201230474,23794.756811418058,32521.757627919367,17696.489080854022,36437.677282427496,26650.00032282708,25371.971201230474,22945.12233856336,pool_A_full,-1.8084449739254493
Cebolla de rama,Transitorio,2.0,2027.0,14,12,25839.260000000002,25839.260000000002,24913.133063256017,22185.77512858895,35089.53892074354,18677.173168628553,44263.454246796246,27486.17867565417,24913.133063256017,20375.143836612944,pool_A_full,-3.5841852156137
Chontaduro,Permanente,1.0,2026.0,3,3,332.0,332.0,339.1842598500986,265.85804046471213,454.15823931083236,170.20972583022413,640.2429881651286,344.94869379277833,339.1842598500986,314.7324590575241,pool_A_full,2.163933689788733
Chontaduro,Permanente,2.0,2027.0,3,3,332.0,332.0,346.5239823194554,257.1997546750315,570.6852031337644,116.51578219344108,1077.668933799823,358.4024137028432,346.5239823194554,298.3630144108316,pool_A_full,4.374693469715485
Cilantro,Transitorio,1.0,2026.0,25,23,6266.530000000001,6266.530000000001,6153.20325317547,5270.580179381704,9119.516121439063,4403.871806875342,10694.020978278886,6463.150512940601,6153.20325317547,5564.644555930683,pool_A_full,-1.8084449739254493
Cilantro,Transitorio,2.0,2027.0,25,23,6266.530000000001,6266.530000000001,6041.925958208002,4934.928536936716,10469.164553277647,3776.3081626928715,15593.212478183923,6665.940249695506,6041.925958208002,4941.3740991982795,pool_A_full,-3.584185215613722
Cimarrón,Transitorio,1.0,2026.0,5,4,379.0,379.0,356.4192851619451,293.2112724465188,651.533272507235,239.71417804466242,2382.377030009831,372.1235308232932,356.4192851619451,298.00986482808963,pool_A_full,-5.957972252784938
Cimarrón,Transitorio,2.0,2027.0,5,4,379.0,379.0,335.183923048422,242.85184005013295,761.4261584580653,158.32948166203104,1916.0070215844398,365.37182636515695,335.183923048422,234.3268589310192,pool_A_full,-11.560970171920316
Coco,Permanente,1.0,2026.0,1,1,246.0,246.0,251.32327687688027,189.01154363207843,327.8970472851444,109.86679700819033,518.376025127273,255.59451407537188,251.32327687688027,233.20537628961125,pool_A_full,2.163933689788733
Coco,Permanente,2.0,2027.0,1,1,246.0,246.0,256.7617459355001,155.1541896171292,400.427198515897,44.577323392927276,669.4902507213033,265.563234249697,256.7617459355001,221.0762094730861,pool_A_full,4.374693469715485
Coliflor,Transitorio,,,1,0,,,,,,,,,,,,
Curuba,Permanente,1.0,2026.0,4,4,136.12,136.12,139.06554653854042,116.86671085722665,230.62118945272238,101.40743570243995,530.3244713398965,141.4289644550391,139.06554653854042,129.04030821358492,pool_A_full,2.163933689788733
Curuba,Permanente,2.0,2027.0,4,4,136.12,136.12,142.07483275097673,110.49195032964732,526.7893984854387,88.75982615066036,1267.973177143056,146.9449896181657,142.07483275097673,122.32883590844098,pool_A_full,4.374693469715485
Cúrcuma o azafrán,Permanente,,,1,0,,,,,,,,,,,,
Durazno o albaricoque,Permanente,1.0,2026.0,3,1,18.0,18.0,18.389508064161973,12.97962530352618,28.436796273188648,7.410918871321258,60.9159961070184,18.702037615271113,18.389508064161973,17.06380802119107,pool_A_full,2.163933689788733
Durazno o albaricoque,Permanente,2.0,2027.0,3,1,18.0,18.0,18.787444824548786,12.19981599427342,46.4525917987021,5.664975731739373,238.85929721757938,19.43145616461198,18.787444824548786,16.17630801022581,pool_A_full,4.374693469715485
Espinaca,Transitorio,1.0,2026.0,2,2,172.0,172.0,168.8894746448483,103.3745424955914,254.68509454995186,50.93400561372782,370.11171200855114,177.3967232624409,168.8894746448483,152.7350644806739,pool_A_full,-1.808444973925416
Espinaca,Transitorio,2.0,2027.0,2,2,172.0,172.0,165.83520142914443,101.91563310820106,345.60253730486846,43.273512348235926,545.5239325119941,182.96277572238978,165.83520142914443,135.62790652276522,pool_A_full,-3.5841852156137
Fresa,Permanente,1.0,2026.0,11,7,470.85,470.85,481.0388817783703,417.4730328816324,820.0231635418448,325.50099719225994,1794.4301109304345,489.2141339528001,481.0388817783703,446.360778154323,pool_A_full,2.163933689788733
Fresa,Permanente,2.0,2027.0,11,7,470.85,470.85,491.44824420215537,402.46532389156533,1072.7342677101333,304.391728721044,2237.1739251564113,508.29450750597493,491.44824420215537,423.1452570341569,pool_A_full,4.374693469715485
Frijol,Transitorio,1.0,2026.0,37,36,2250.01,2250.01,2178.158737034566,2268.100865725077,4042.0128073385968,2095.8058095809615,6419.270910765831,2255.2358340598585,2178.158737034566,1964.3111889761271,pool_A_full,-3.1933752723514175
Frijol,Transitorio,2.0,2027.0,37,36,2250.01,2250.01,2108.601954533542,2356.103232679188,4736.064369405393,2108.01683425927,6940.374315709357,2260.473805550938,2108.601954533542,1714.889465885399,pool_A_full,-6.284774088402189
Granadilla,Permanente,1.0,2026.0,21,19,2269.0699999999997,2269.0699999999997,2318.1711701748895,2162.0042600868837,3296.523006571303,2012.528827734636,4640.11201598759,2357.568471760179,2318.1711701748895,2151.0541592580007,pool_A_full,2.163933689788755
Granadilla,Permanente,2.0,2027.0,21,19,2269.0699999999997,2269.0699999999997,2368.3348571132724,2245.9373560090507,5125.1413481329255,2106.0161229022556,9205.418806558566,2449.518568857561,2368.3348571132724,2039.1764009312822,pool_A_full,4.374693469715463
Guanábana,Permanente,1.0,2026.0,24,23,4863.93,4863.93,4969.18221991774,4637.575087826238,6517.9586622714605,4328.246430544608,9486.913349330629,5053.633434335867,4969.18221991774,4610.953763806215,pool_A_full,2.1639336897887107
Guanábana,Permanente,2.0,2027.0,24,23,4863.93,4863.93,5076.7120280815325,4749.144057859226,8907.441139897324,4304.3704785603595,14920.459509972094,5250.735699041173,5076.7120280815325,4371.1349900098685,pool_A_full,4.374693469715485
Guayaba,Permanente,1.0,2026.0,32,32,17678.7,17678.7,18061.255345216683,16591.366528592236,21857.997630499245,14868.595137234193,32481.921885547883,18368.206243838522,18061.255345216683,16759.21904801281,pool_A_full,2.163933689788733
Guayaba,Permanente,2.0,2027.0,32,32,17678.7,17678.7,18452.08893443059,16131.649145714795,24394.596938155883,14479.350744985022,29479.428230728154,19084.604672073656,18452.08893443059,15887.56091224328,pool_A_full,4.374693469715485
Gulupa o cholupa,Permanente,1.0,2026.0,2,1,25.0,25.0,25.540983422447184,21.863202055529964,39.335309815066,12.582992386247044,151.2524613077082,25.9750522434321,25.540983422447184,23.69973336276537,pool_A_full,2.163933689788733
Gulupa o cholupa,Permanente,2.0,2027.0,2,1,25.0,25.0,26.09367336742887,15.947603594373248,50.9171349658749,3.7541823289866656,157.11206878426526,26.98813356196108,26.09367336742887,22.46709445864696,pool_A_full,4.374693469715485
Habichuela,Transitorio,1.0,2026.0,31,27,6507.4,6507.4,6299.594297527003,6023.483760227387,8951.22693789053,5575.5466556264455,10506.48887862571,6522.513973965059,6299.594297527003,5681.11192001069,pool_A_full,-3.1933752723514286
Habichuela,Transitorio,2.0,2027.0,31,27,6507.4,6507.4,6098.424610971316,5656.17436259773,10134.060767436995,5046.953189478285,12993.02590818558,6537.663051382959,6098.424610971316,4959.743161276015,pool_A_full,-6.284774088402189
Lechuga,Transitorio,1.0,2026.0,8,6,4720.6,4720.6,4635.230546560875,3420.5999166586303,7574.078615051404,2741.34214310135,10149.790214155633,4868.714952515572,4635.230546560875,4191.867124345752,pool_A_full,-1.8084449739254604
Lechuga,Transitorio,2.0,2027.0,8,6,4720.6,4720.6,4551.404952711739,2895.138716555089,8318.80106017555,2014.8737382726076,12698.61597511048,5021.477203925076,4551.404952711739,3722.355206577706,pool_A_full,-3.5841852156137333
Lima,Permanente,,,1,0,,,,,,,,,,,,
Limón,Permanente,1.0,2026.0,42,42,23135.38,23135.38,23636.014282080643,22141.78367115061,28894.74828969089,20997.736023367208,41518.9612335399,24037.70816686617,23636.014282080643,21932.093489850187,pool_A_full,2.163933689788733
Limón,Permanente,2.0,2027.0,42,42,23135.38,23135.38,24147.48195805386,22178.87897015489,31435.843365120578,20854.69610991763,41686.40142989525,24975.22901786893,24147.48195805386,20791.39071186767,pool_A_full,4.374693469715463
Lulo,Permanente,1.0,2026.0,29,28,20188.36,20188.36,20625.222723455834,18881.908060143585,23723.21071908984,17619.44791470761,30918.42701374529,20975.748228368593,20625.222723455834,19138.349961260716,pool_A_full,2.163933689788733
Lulo,Permanente,2.0,2027.0,29,28,20188.36,20188.36,21071.538866562652,18861.333053020157,25219.3709426909,17449.038531818882,28193.968803702515,21793.846243078107,21071.538866562652,18142.951643406795,pool_A_full,4.374693469715485
Macadamia,Permanente,1.0,2026.0,4,2,210.0,210.0,214.54426074855633,173.28685788013263,299.93754604353694,137.93180202234572,645.3131834888865,218.19043884482966,214.54426074855633,199.07776024722912,pool_A_full,2.163933689788733
Macadamia,Permanente,2.0,2027.0,4,2,210.0,210.0,219.18685628640253,157.49839668690223,386.01310483521604,116.28213627337786,1059.6120605407555,226.70032192047307,219.18685628640253,188.72359345263447,pool_A_full,4.374693469715485
"Malanga, achín, yota, papa china, bore",Transitorio,1.0,2026.0,1,1,10.5,10.5,10.697517051872026,7.040394887896318,22.56341161554891,4.257921376903215,43.06250153018077,10.824889287085595,10.697517051872026,10.062905686583376,pool_A_full,1.8811147797335837
"Malanga, achín, yota, papa china, bore",Transitorio,2.0,2027.0,1,1,10.5,10.5,10.898749626199313,5.287584689736025,30.502858882596442,0.33279713428698365,61.02894719028737,11.159831245491477,10.898749626199313,9.644006748292574,pool_A_full,3.7976154876125046
Mandarina,Permanente,1.0,2026.0,32,31,23977.81,23977.81,24496.673908663535,22928.013963959507,28501.341174676116,20810.94988530436,36302.39494482096,24912.994697323546,24496.673908663535,22730.708144921966,pool_A_full,2.163933689788733
Mandarina,Permanente,2.0,2027.0,32,31,23977.81,23977.81,25026.765688250787,22258.423403908142,30635.29504780545,20072.11173799715,34196.30552044065,25884.65355213304,25026.765688250787,21548.46888725959,pool_A_full,4.374693469715485
Mango,Permanente,1.0,2026.0,24,20,3729.5200000000004,3729.5200000000004,3810.2243397474085,3450.5011681863534,5027.896070070623,3059.6576755912242,7298.65446061963,3874.9790737169956,3810.2243397474085,3535.545182844028,pool_A_full,2.1639336897887107
Mango,Permanente,2.0,2027.0,24,20,3729.5200000000004,3729.5200000000004,3892.675067891733,3598.7407111553894,6071.727883532564,3146.863299568387,9514.084715537274,4026.111355280203,3892.675067891733,3351.659125016521,pool_A_full,4.374693469715463
Maracuyá,Permanente,1.0,2026.0,37,35,10264.58,10264.58,10486.698704735318,10025.179695565534,14542.679269598377,9501.531652126434,21601.420877094875,10664.92007027553,10486.698704735318,9730.712363230969,pool_A_full,2.163933689788755
Maracuyá,Permanente,2.0,2027.0,37,35,10264.58,10264.58,10713.623910953722,10466.157523962183,18563.36764056684,9830.323114221459,31922.358560959306,11080.874239897377,10713.623910953722,9224.611537533538,pool_A_full,4.374693469715485
Maíz,Transitorio,1.0,2026.0,178,99,89183.93000000001,89183.93000000001,88852.0716770318,83903.0634496534,121231.27606008678,78969.28904265416,132628.6164027244,90736.66171795825,88852.0716770318,81507.91581339473,pool_A_full,-0.3721055160590181
Maíz,Transitorio,2.0,2027.0,178,99,89183.93000000001,89183.93000000001,88521.44821718885,83754.52955314284,137760.71635622834,76114.68570989852,158238.8062250517,92316.42718278048,88521.44821718885,74492.57215109767,pool_A_full,-0.7428264069672119
Melón,Transitorio,1.0,2026.0,6,4,2059.0,2059.0,2021.7641179868754,1323.8895339536912,3324.78794818527,736.9351119517083,5178.8110780566485,2123.6037976591033,2021.7641179868754,1828.3808009634163,pool_A_full,-1.8084449739254271
Melón,Transitorio,2.0,2027.0,6,4,2059.0,2059.0,1985.201626410514,1217.9306845898655,3858.117673356147,572.5912359986751,5991.020283308024,2190.23462332791,1985.201626410514,1623.5922065719394,pool_A_full,-3.584185215613689
Mora,Permanente,1.0,2026.0,24,23,3370.7999999999997,3370.7999999999997,3443.741876815399,3168.0312022672456,4638.094461484361,2918.048570939622,6083.108668694019,3502.2682440864364,3443.741876815399,3195.482448768381,pool_A_full,2.163933689788755
Mora,Permanente,2.0,2027.0,24,23,3370.7999999999997,3370.7999999999997,3518.2621674771694,3342.715190373644,5830.634801710876,3040.7922097411983,11114.639745677647,3638.864024426337,3518.2621674771694,3029.283280048287,pool_A_full,4.374693469715485
Naranja,Permanente,1.0,2026.0,32,32,135280.34000000003,135280.34000000003,138207.71685292074,128369.1803789594,149607.03865712232,123090.6596445079,173400.62846024454,140556.5559603703,138207.71685292074,128244.31948896972,pool_A_full,2.1639336897887107
Naranja,Permanente,2.0,2027.0,32,32,135280.34000000003,135280.34000000003,141198.44019978892,125531.72034330091,154142.42766547558,117598.20652053594,173625.02066198268,146038.55536910024,141198.44019978892,121574.24708711507,pool_A_full,4.374693469715485
Otras hortalizas,Transitorio,1.0,2026.0,9,4,281.75,281.75,276.6547062859651,226.86546963642607,517.4408161703509,170.24154338808728,2256.9688222489717,290.59027197205074,276.6547062859651,250.19246754319693,pool_A_full,-1.8084449739254271
Otras hortalizas,Transitorio,2.0,2027.0,9,4,281.75,281.75,271.6515581550084,211.79417602252957,669.3610168568148,144.07704704287488,2062.405335128991,299.70791895222857,271.6515581550084,222.1695503650529,pool_A_full,-3.5841852156137
Otros cítricos,Permanente,,,37,0,,,,,,,,,,,,
Papa,Transitorio,1.0,2026.0,4,3,9695.0,9695.0,9877.374077895172,6166.20367468995,15543.173774787436,2580.113955316172,25352.735865089948,9994.981108409032,9877.374077895172,9291.416250611983,pool_A_full,1.8811147797336059
Papa,Transitorio,2.0,2027.0,4,3,9695.0,9695.0,10063.178821524032,4429.888614263176,20242.506880931873,1645.5161808123103,31469.60879210437,10304.24418333713,10063.178821524032,8904.632897590145,pool_A_full,3.7976154876125046
Papaya,Permanente,1.0,2026.0,29,23,13555.18,13555.18,13848.505106731503,12798.668621808134,16052.048979405916,12086.880483840365,21876.463561246645,14083.860346765036,13848.505106731503,12850.166067371594,pool_A_full,2.163933689788733
Papaya,Permanente,2.0,2027.0,29,23,13555.18,13555.18,14148.17757426818,12599.23817318435,18147.58568849888,11538.617636635536,26393.501657766043,14633.160331856943,14148.17757426818,12181.820378558483,pool_A_full,4.374693469715485
Patilla,Transitorio,1.0,2026.0,5,4,1024.0,1024.0,1005.4815234670036,805.2763202933413,1473.5628181658585,666.5223036551745,2216.9956837827317,1056.1293291903457,1005.4815234670036,909.3064303965704,pool_A_full,-1.8084449739254271
Patilla,Transitorio,2.0,2027.0,5,4,1024.0,1024.0,987.2979433921157,788.0804638917037,1792.3696473701063,620.7411360777851,3602.4084887503423,1089.266757789111,987.2979433921157,807.4591644146022,pool_A_full,-3.5841852156137
Pepino Cohombro,Transitorio,1.0,2026.0,22,17,4897.5,4897.5,4808.931407402002,4440.753513235579,6828.902647708472,4094.8845942562566,8200.551716472482,5051.165419638396,4808.931407402002,4348.953362175003,pool_A_full,-1.8084449739254271
Pepino Cohombro,Transitorio,2.0,2027.0,22,17,4897.5,4897.5,4721.96452906532,4463.582854798211,8178.717115651986,3954.83884908295,12214.05882765649,5209.652291281417,4721.96452906532,3861.8469313676896,pool_A_full,-3.584185215613689
Perejil,Transitorio,1.0,2026.0,3,2,50.0,50.0,47.021013873607544,37.810531696797725,148.64128031922957,26.104125039456456,603.9311586192359,49.09281409278275,47.021013873607544,39.315285597373304,pool_A_full,-5.9579722527849155
Perejil,Transitorio,2.0,2027.0,3,2,50.0,50.0,44.21951491403985,33.89065883881667,196.67878930935163,19.52274356178428,1720.989171318737,48.202087910970576,44.21951491403985,30.913833632060577,pool_A_full,-11.560970171920303
Pimentón,Transitorio,1.0,2026.0,31,27,15089.59,15089.59,14816.703068059045,13719.422861348614,20484.008307672197,12214.646630890782,24230.12458382515,15563.045473102879,14816.703068059045,13399.473846726352,pool_A_full,-1.8084449739254382
Pimentón,Transitorio,2.0,2027.0,31,27,15089.59,15089.59,14548.751146123277,13552.682799282973,24802.709860739586,11675.803748332472,28402.77652524701,16051.356226237298,14548.751146123277,11898.6598952724,pool_A_full,-3.5841852156137
Pitahaya,Permanente,1.0,2026.0,16,12,972.88,972.88,993.9324780812167,894.7472804658103,1651.8744244107706,764.4452085248208,2522.006942623911,1010.8243530636089,993.9324780812167,922.279863758687,pool_A_full,2.163933689788733
Pitahaya,Permanente,2.0,2027.0,16,12,972.88,972.88,1015.440517828168,925.2373000454143,2390.4894284825664,805.122363502922,4259.367924489801,1050.2486151904277,1015.440517828168,874.3114742771381,pool_A_full,4.374693469715485
Piña,Permanente,1.0,2026.0,28,21,189709.93,189709.93,193815.12708814468,178463.0809232177,211456.3571878183,161320.3034226652,242699.38615826538,197109.0137139139,193815.12708814468,179842.99029075535,pool_A_full,2.1639336897887773
Piña,Permanente,2.0,2027.0,28,21,189709.93,189709.93,198009.15791911184,185573.45987725613,230060.865760321,176290.71480927328,283835.45742965036,204796.67715481156,198009.15791911184,170489.23668213212,pool_A_full,4.374693469715507
Plantas aromáticas,Transitorio,1.0,2026.0,9,9,684.45,684.45,643.6706589158136,506.7596905335018,1140.616332449172,348.0175559354991,2026.4838814356976,672.0315321161031,643.6706589158136,538.1869445424431,pool_A_full,-5.957972252784927
Plantas aromáticas,Transitorio,2.0,2027.0,9,9,684.45,684.45,605.3209396582915,516.2439863762082,1263.4894376648472,331.8802022655534,1956.135261454405,659.8383814132762,605.3209396582915,423.17946858927723,pool_A_full,-11.560970171920303
Plátano,Permanente,1.0,2026.0,41,41,346213.00999999995,346213.00999999995,353704.82996182167,333759.63408655475,377994.6800598444,317501.1010506039,400206.64817409765,359716.0408842352,353704.82996182167,328206.2409488168,pool_A_full,2.163933689788755
Plátano,Permanente,2.0,2027.0,41,41,346213.00999999995,346213.00999999995,361358.7679397755,326613.4989286731,384139.96238370903,315293.75376210356,417693.39939486905,373745.7181907427,361358.7679397755,311136.0159392994,pool_A_full,4.374693469715529
Remolacha,Transitorio,,,1,0,,,,,,,,,,,,
Repollo,Transitorio,1.0,2026.0,12,12,5547.15,5547.15,5446.832844628896,4904.662323967053,8632.615702775203,4190.7542023113965,10908.03476178452,5721.199031658425,5446.832844628896,4925.839028685874,pool_A_full,-1.808444973925416
Repollo,Transitorio,2.0,2027.0,12,12,5547.15,5547.15,5348.329869812085,4461.569049477458,9876.867352804693,3575.0858836166008,13914.178737976259,5900.709077607293,5348.329869812085,4374.118265510216,pool_A_full,-3.5841852156136778
Romero,Permanente,1.0,2026.0,1,1,0.07,0.07,0.06477977886215892,0.023572461956907657,0.7803761160498202,0.0,6.4681086928880696,0.06468534245631022,0.06477977886215892,0.06037307083558145,pool_A_full,-7.457458768344405
Romero,Permanente,2.0,2027.0,1,1,0.07,0.07,0.05994885356328875,0.0,1.3894778132399184,0.0,8.323856934663787,0.05977419326700185,0.05994885356328875,0.05207010974454479,pool_A_full,-14.358780623873225
Rábano,Transitorio,,,1,0,,,,,,,,,,,,
Sacha inchi,Permanente,1.0,2026.0,9,2,10.0,10.0,9.25425412316556,8.647111863635354,32.63490546753335,5.60813757128941,437.3781517536857,9.240763208044317,9.25425412316556,8.624724405083064,pool_A_full,-7.457458768344393
Sacha inchi,Permanente,2.0,2027.0,9,2,10.0,10.0,8.564121937612677,7.059069037412443,42.87466629042625,4.54521433284639,128.0226900965259,8.539170466714548,8.564121937612677,7.438587106363541,pool_A_full,-14.358780623873225
Sorgo,Transitorio,1.0,2026.0,5,2,617.0,617.0,614.704108965916,408.75756371231586,1014.6566996093786,204.23367479908111,1737.2320042092124,627.7422432492069,614.704108965916,563.8951328660281,pool_A_full,-0.3721055160589959
Sorgo,Transitorio,2.0,2027.0,5,2,617.0,617.0,612.4167610690124,366.61899206097956,1218.7984669149762,121.82069732398953,2239.8975231185605,638.6715137107723,612.4167610690124,515.3609738573671,pool_A_full,-0.7428264069671897
Soya,Transitorio,1.0,2026.0,10,8,3114.6,3114.6,2929.0329962147603,2202.8581610744995,4554.141729572572,1759.3444572744854,7205.26844628104,3058.0895754676226,2929.0329962147603,2449.027770431578,pool_A_full,-5.957972252784938
Soya,Transitorio,2.0,2027.0,10,8,3114.6,3114.6,2754.5220230253703,1942.485751649339,5459.943942043709,1302.5684534621487,7759.061003960464,3002.604460150179,2754.5220230253703,1925.6845246083174,pool_A_full,-11.560970171920292
Stevia,Permanente,,,1,0,,,,,,,,,,,,
Sábila,Permanente,1.0,2026.0,9,4,948.0,948.0,877.3032908760952,704.7064162311787,1211.098106338646,496.28244001017896,1745.47073057098,876.0243521226012,877.3032908760952,817.6238736018744,pool_A_full,-7.457458768344393
Sábila,Permanente,2.0,2027.0,9,4,948.0,948.0,811.878759685682,608.0960087278668,1451.349021182417,363.56240436299134,2038.2024572595042,809.5133602445392,811.878759685682,705.1780576832637,pool_A_full,-14.358780623873212
Tomate,Transitorio,1.0,2026.0,56,50,103957.56,103957.56,102077.54473116448,100527.20769771237,128893.74182103573,94385.37316114694,143185.55701065398,107219.36338580579,102077.54473116448,92313.7478479856,pool_A_full,-1.8084449739254271
Tomate,Transitorio,2.0,2027.0,56,50,103957.56,103957.56,100231.52850396726,99141.65626059282,147131.424339525,89529.23767098699,172648.91756685145,110583.51008678415,100231.52850396726,81974.1059884579,pool_A_full,-3.5841852156137
Tomate de árbol,Permanente,1.0,2026.0,16,16,1572.92,1572.92,1606.9569457934251,1471.3677605646114,2534.625883508734,1337.9519957727387,4172.8818924131465,1634.267166989569,1606.9569457934251,1491.1113840384364,pool_A_full,2.163933689788733
Tomate de árbol,Permanente,2.0,2027.0,16,16,1572.92,1572.92,1641.7304285238488,1510.0489544660993,3111.5835696614868,1368.0782149337224,6116.729924394727,1698.0070016911932,1641.7304285238488,1413.557688635799,pool_A_full,4.374693469715485
Té,Permanente,1.0,2026.0,1,1,270.9,270.9,250.69774419655502,181.55928866151706,325.5463815874305,119.6660182879908,563.4388450139883,250.3322753059205,250.69774419655502,233.6437841337002,pool_A_full,-7.457458768344393
Té,Permanente,2.0,2027.0,1,1,270.9,270.9,232.0020632899274,152.65015207166508,372.84411322636913,83.83755812460508,611.7095208738559,231.3261279432971,232.0020632899274,201.5113247113883,pool_A_full,-14.358780623873225
Uchuva,Permanente,1.0,2026.0,1,1,2.0,2.0,2.0432786737957747,1.945861542143616,4.110316967101866,0.8471057428827192,37.53700192597064,2.078004179474568,2.0432786737957747,1.8959786690212297,pool_A_full,2.163933689788733
Uchuva,Permanente,2.0,2027.0,1,1,2.0,2.0,2.0874938693943097,1.8615526539630152,5.960239708388405,0.6712766526683563,28.695771122066535,2.1590506849568865,2.0874938693943097,1.7973675566917569,pool_A_full,4.374693469715485
Uva,Permanente,1.0,2026.0,16,14,18199.9,18199.9,18593.73376760786,16712.284345920627,20815.559455674,15494.720367035006,25614.05079118968,18909.734133009595,18593.73376760786,17253.31108915974,pool_A_full,2.163933689788733
Uva,Permanente,2.0,2027.0,16,14,18199.9,18199.9,18996.08983679475,16438.7769929808,23409.704491147637,13794.581298484742,26352.388634975323,19647.253280573423,18996.08983679475,16355.954897517153,pool_A_full,4.374693469715485
Yuca,Transitorio,1.0,2026.0,35,34,8980.7,8980.7,9149.637275023533,8653.464054829346,12632.78580802998,7979.414867672112,14627.738280378206,9258.57935433615,9149.637275023533,8606.851152333269,pool_A_full,1.8811147797335614
Yuca,Transitorio,2.0,2027.0,35,34,8980.7,8980.7,9321.752454096015,9111.277377197981,15394.150592069987,8227.19584035109,19527.561854763437,9545.05680632241,9321.752454096015,8248.564895656298,pool_A_full,3.7976154876124824
Zanahoria,Transitorio,1.0,2026.0,4,4,797.3,797.3,782.8812682228926,552.9990400562581,1265.7405965885598,322.36581948567755,2198.8116503655037,822.3163224252565,782.8812682228926,707.9980634327983,pool_A_full,-1.808444973925416
Zanahoria,Transitorio,2.0,2027.0,4,4,797.3,797.3,768.723291275912,521.2634321591478,1547.032280252845,347.0054631427259,2150.32552691579,848.1175644387288,768.723291275912,628.6984294802367,pool_A_full,-3.5841852156137
Zapote,Permanente,1.0,2026.0,5,3,173.0,173.0,176.7436052833345,134.67424633142656,267.84916761730574,95.9059731210639,809.926044011977,179.74736152455012,176.7436052833345,164.00215487033637,pool_A_full,2.163933689788733
Zapote,Permanente,2.0,2027.0,5,3,173.0,173.0,180.5682197026078,119.11068355277904,290.7726482803513,54.28017901853286,488.9914970461958,186.7578842487707,180.5682197026078,155.47229365383697,pool_A_full,4.374693469715485
