municipio,ano,ndvi_mean,n_imagenes,error,area_cosechada_eva,produccion_eva,area_cana,coherencia
Alcalá,2019,0.6531857425819252,41,,2986.0,32556.25,0.0,✅ Coherente
Alcalá,2020,0.6749389171193154,51,,3087.0899999999997,39578.71000000001,0.0,✅ Coherente
Alcalá,2021,0.6267953273496614,36,,3253.59,47312.13,0.0,✅ Coherente
Alcalá,2022,0.6723244752342391,21,,3227.96,38977.9,0.0,✅ Coherente
Alcalá,2023,0.6903816190199995,38,,3005.64,37114.200000000004,0.0,✅ Coherente
Alcalá,2024,0.6732565831471413,52,,3028.56,38594.240000000005,0.0,✅ Coherente
Alcalá,2025,0.7113709168706533,39,,3123.6,41878.19,0.0,✅ Coherente
Ansermanuevo,2019,0.5147233329639366,18,,5660.1,246982.90000000002,1560.0,✅ Coherente
Ansermanuevo,2020,0.6122677955453233,26,,5740.299999999999,247325.5,1560.0,✅ Coherente (Alto NDVI / Alta Area)
Ansermanuevo,2021,0.5985879664215958,18,,5960.11,263948.75,1722.0,✅ Coherente
Ansermanuevo,2022,0.5958262278358384,17,,6272.599999999999,289002.31,1902.0,✅ Coherente
Ansermanuevo,2023,0.5849076365860042,16,,6998.429999999999,249912.90000000002,1909.0,✅ Coherente
Ansermanuevo,2024,0.5711935435112179,25,,7102.24,250889.23000000004,1879.0,✅ Coherente
Ansermanuevo,2025,0.6406986046058952,20,,7084.629999999999,256953.49000000002,1879.0,✅ Coherente (Alto NDVI / Alta Area)
Argelia,2019,0.2765463523004207,18,,2703.0,19984.3,48.0,➖ Indeterminado
Argelia,2020,0.7604196501813426,26,,2743.3,20732.600000000002,45.0,✅ Coherente
Argelia,2021,0.7455837090381306,18,,2902.65,20182.210000000003,49.0,✅ Coherente
Argelia,2022,0.5357163283816526,17,,3290.0299999999997,22188.11,63.0,✅ Coherente
Argelia,2023,0.4406872187631255,16,,3302.34,23098.06,64.5,✅ Coherente
Argelia,2024,0.7187456215000779,25,,3344.7599999999998,25100.16,55.5,✅ Coherente
Argelia,2025,0.6091400776489372,20,,3411.87,30099.86,65.5,✅ Coherente
Bolívar,2019,0.611239321925423,10,,4702.0,117608.6,822.0,✅ Coherente
Bolívar,2020,0.6170665671266226,8,,5398.0,129260.21,840.0,✅ Coherente (Alto NDVI / Alta Area)
Bolívar,2021,,4,Nublado,6770.42,138048.15999999997,758.0,Sin datos satelitales
Bolívar,2022,,3,Nublado,8949.15,148722.4,703.0,Sin datos satelitales
Bolívar,2023,0.5736806641787549,5,,8639.6,142840.27000000002,678.0,✅ Coherente
Bolívar,2024,0.6366153282541198,6,,8574.9,130421.04000000001,572.0,✅ Coherente (Alto NDVI / Alta Area)
Bolívar,2025,,3,Nublado,8409.93,144764.91,696.0,Sin datos satelitales
Buenaventura,2019,,1,Nublado,2738.0,23161.1,270.0,Sin datos satelitales
Buenaventura,2020,,3,Nublado,2776.0,42067.56,270.0,Sin datos satelitales
Buenaventura,2021,,0,Nublado,3271.0,27716.5,272.0,Sin datos satelitales
Buenaventura,2022,,3,Nublado,4219.5,8659.95,222.0,Sin datos satelitales
Buenaventura,2023,,3,Nublado,4408.0,13200.14,272.0,Sin datos satelitales
Buenaventura,2024,,3,Nublado,2750.5,7330.49,272.0,Sin datos satelitales
Buenaventura,2025,0.5883213285214928,5,,2486.1000000000004,9569.64,276.0,✅ Coherente
Guadalajara de Buga,2019,0.28820220641366323,6,,9530.5,910032.7499999999,7804.0,➖ Indeterminado
Guadalajara de Buga,2020,0.28982048038875935,6,,9584.0,871530.3899999999,7804.0,➖ Indeterminado
Guadalajara de Buga,2021,,3,Nublado,8394.84,950358.3,6697.0,Sin datos satelitales
Guadalajara de Buga,2022,,4,Nublado,9608.59,949808.75,7816.0,Sin datos satelitales
Guadalajara de Buga,2023,0.39844946241013507,5,,9857.039999999999,952558.66,7816.0,➖ Indeterminado
Guadalajara de Buga,2024,,4,Nublado,10366.35,1043620.8,7885.0,Sin datos satelitales
Guadalajara de Buga,2025,0.4286740535022053,5,,10365.86,1076932.7599999998,8137.0,✅ Coherente
Bugalagrande,2019,0.6566159579938003,10,,13692.0,1168584.7,9630.0,✅ Coherente (Alto NDVI / Alta Area)
Bugalagrande,2020,0.6363679955295065,8,,13594.0,1167919.2,9630.0,✅ Coherente (Alto NDVI / Alta Area)
Bugalagrande,2021,,4,Nublado,13752.230000000001,1297798.19,9541.0,Sin datos satelitales
Bugalagrande,2022,,3,Nublado,13737.22,1512309.97,9549.0,Sin datos satelitales
Bugalagrande,2023,0.6331732027687618,5,,13725.51,1513181.55,9549.0,✅ Coherente (Alto NDVI / Alta Area)
Bugalagrande,2024,0.6228404226290822,6,,13802.83,1514631.9700000002,9549.0,✅ Coherente (Alto NDVI / Alta Area)
Bugalagrande,2025,,3,Nublado,14882.2,1523305.4300000002,9549.0,Sin datos satelitales
Caicedonia,2019,0.6644238488966252,9,,10809.5,110960.27,125.0,✅ Coherente (Alto NDVI / Alta Area)
Caicedonia,2020,0.6843976030004633,12,,10152.96,85850.1,125.0,✅ Coherente (Alto NDVI / Alta Area)
Caicedonia,2021,,3,Nublado,10335.48,85423.48,125.0,Sin datos satelitales
Caicedonia,2022,0.5454965451009313,7,,10661.32,96785.78,125.0,✅ Coherente
Caicedonia,2023,0.6447970759449478,7,,10884.890000000001,99387.05,135.0,✅ Coherente (Alto NDVI / Alta Area)
Caicedonia,2024,0.5923984248138037,12,,10740.44,100118.04,135.0,✅ Coherente
Caicedonia,2025,0.6700794681556131,9,,10575.77,102804.66,149.0,✅ Coherente (Alto NDVI / Alta Area)
Calima,2019,0.3712236141734029,6,,1264.0,18571.75,89.5,➖ Indeterminado
Calima,2020,0.2911612010313553,6,,1195.4700000000003,17627.559999999998,86.5,➖ Indeterminado
Calima,2021,,3,Nublado,1083.8200000000002,19879.7,94.5,Sin datos satelitales
Calima,2022,,4,Nublado,1181.21,21732.2,93.5,Sin datos satelitales
Calima,2023,0.45269860047756,5,,1380.63,25611.210000000003,107.5,✅ Coherente
Calima,2024,,4,Nublado,1320.3799999999999,27584.82,122.5,Sin datos satelitales
Calima,2025,0.47605231817714805,5,,1274.1,27994.83,122.5,✅ Coherente
Candelaria,2019,0.6204669390495371,11,,22536.710000000003,2829523.4,22317.0,✅ Coherente (Alto NDVI / Alta Area)
Candelaria,2020,0.6309030079658983,14,,22532.520000000004,2829924.5999999996,22317.0,✅ Coherente (Alto NDVI / Alta Area)
Candelaria,2021,0.568836004745185,7,,22920.32,2672150.8499999996,22701.0,✅ Coherente
Candelaria,2022,0.5496321583068122,6,,26142.72,3046590.18,25952.5,✅ Coherente
Candelaria,2023,0.607200700078705,8,,26161.620000000003,3097158.21,25962.5,✅ Coherente (Alto NDVI / Alta Area)
Candelaria,2024,0.6366624885567043,16,,26847.620000000003,3182754.7100000004,26672.5,✅ Coherente (Alto NDVI / Alta Area)
Candelaria,2025,0.6427528601442396,5,,26861.620000000003,3189450.3600000003,26672.5,✅ Coherente (Alto NDVI / Alta Area)
Cartago,2019,0.6174148299956475,41,,7209.54,559174.93,4215.6,✅ Coherente (Alto NDVI / Alta Area)
Cartago,2020,0.6276613873509703,51,,7234.2,571214.44,4314.88,✅ Coherente (Alto NDVI / Alta Area)
Cartago,2021,0.6383544782289029,36,,7149.4400000000005,551827.9299999999,4315.6,✅ Coherente (Alto NDVI / Alta Area)
Cartago,2022,0.6510367502503971,21,,6811.9800000000005,678271.23,4335.6,✅ Coherente (Alto NDVI / Alta Area)
Cartago,2023,0.6457496551769504,38,,6869.35,682280.4199999999,4385.6,✅ Coherente (Alto NDVI / Alta Area)
Cartago,2024,0.6203699098649388,54,,7839.07,689814.3299999998,4385.6,✅ Coherente (Alto NDVI / Alta Area)
Cartago,2025,0.6843742322176408,39,,7607.400000000001,691447.6299999999,4385.6,✅ Coherente (Alto NDVI / Alta Area)
Dagua,2019,0.5888923631612294,21,,5580.5,117612.9,327.0,✅ Coherente
Dagua,2020,0.5791679049660463,20,,4751.5,115511.23999999999,250.0,✅ Coherente
Dagua,2021,0.46568538771096285,13,,5127.610000000001,102538.18,275.0,✅ Coherente
Dagua,2022,0.5811741706747889,10,,5273.63,114696.66,275.0,✅ Coherente
Dagua,2023,0.5455088229920485,12,,5292.41,114566.70000000001,300.0,✅ Coherente
Dagua,2024,0.6072912714274887,19,,4338.37,100709.14,100.0,✅ Coherente
Dagua,2025,0.5282919337399052,13,,5373.42,165201.13,100.0,✅ Coherente
El Águila,2019,0.31050539950740663,18,,5559.9,24700.86,48.0,➖ Indeterminado
El Águila,2020,0.7163877249374949,26,,5614.0,23539.0,30.0,✅ Coherente (Alto NDVI / Alta Area)
El Águila,2021,0.6949367571527668,18,,6189.01,31047.449999999997,30.0,✅ Coherente (Alto NDVI / Alta Area)
El Águila,2022,0.5402116673507987,17,,6287.75,32391.950000000004,30.0,✅ Coherente
El Águila,2023,0.6118976549422344,16,,6337.23,33834.60999999999,30.0,✅ Coherente (Alto NDVI / Alta Area)
El Águila,2024,0.6771477730584298,26,,6195.88,34599.08,30.0,✅ Coherente (Alto NDVI / Alta Area)
El Águila,2025,0.6197812358236491,20,,6052.56,34874.89000000001,30.0,✅ Coherente (Alto NDVI / Alta Area)
El Cerrito,2019,0.6465142057665828,20,,18599.5,2053292.0,16965.0,✅ Coherente (Alto NDVI / Alta Area)
El Cerrito,2020,0.641858249642065,22,,18630.5,2050871.5,16965.0,✅ Coherente (Alto NDVI / Alta Area)
El Cerrito,2021,0.6141618154519087,12,,18084.760000000002,2047354.77,16965.0,✅ Coherente (Alto NDVI / Alta Area)
El Cerrito,2022,0.38878405787697795,9,,18327.34,2048518.7299999997,16965.0,➖ Indeterminado
El Cerrito,2023,0.6404177603054899,13,,18199.24,2064871.7799999998,16965.0,✅ Coherente (Alto NDVI / Alta Area)
El Cerrito,2024,0.6240341150981751,22,,18302.940000000002,2069517.8399999999,16965.0,✅ Coherente (Alto NDVI / Alta Area)
El Cerrito,2025,0.633657314251922,8,,18291.09,2068976.2699999998,16965.0,✅ Coherente (Alto NDVI / Alta Area)
El Dovio,2019,0.5643274200971155,7,,2010.23,23624.66,278.0,✅ Coherente
El Dovio,2020,0.6319528586396769,5,,2548.7,30353.2,278.0,✅ Coherente
El Dovio,2021,0.6974399998534895,6,,2260.0299999999997,28032.309999999998,195.8,✅ Coherente
El Dovio,2022,,2,Nublado,2149.84,25994.02,220.6,Sin datos satelitales
El Dovio,2023,,2,Nublado,2223.6000000000004,33238.47,218.5,Sin datos satelitales
El Dovio,2024,0.6711190490026965,5,,2443.42,35705.86,230.0,✅ Coherente
El Dovio,2025,,2,Nublado,2229.21,34904.520000000004,230.0,Sin datos satelitales
Florida,2019,0.5822538789565048,11,,12507.0,1338511.5999999999,10120.0,✅ Coherente
Florida,2020,0.5535399911362852,14,,12610.0,1343162.15,10120.0,✅ Coherente
Florida,2021,0.5201838884330854,7,,12558.33,1289069.3800000001,10120.0,✅ Coherente
Florida,2022,0.335899770246859,6,,12716.93,1280791.2500000005,10119.45,➖ Indeterminado
Florida,2023,0.6690288699061779,8,,13720.539999999999,1391292.5800000003,10986.45,✅ Coherente (Alto NDVI / Alta Area)
Florida,2024,0.5630634068288124,16,,14856.65,1539762.51,12181.45,✅ Coherente
Florida,2025,0.7593100788057605,5,,15588.269999999999,1630501.61,12911.45,✅ Coherente (Alto NDVI / Alta Area)
Ginebra,2019,0.6351233317466469,9,,4577.500000000001,366484.92,3320.0,✅ Coherente
Ginebra,2020,0.5364970553573041,8,,4593.17,362551.86,3317.0,✅ Coherente
Ginebra,2021,,3,Nublado,4887.08,502752.5200000001,3322.0,Sin datos satelitales
Ginebra,2022,,3,Nublado,3517.94,190165.44999999998,2012.0,Sin datos satelitales
Ginebra,2023,0.6317758739465936,5,,4505.28,286757.95999999996,3012.0,✅ Coherente
Ginebra,2024,0.5662250452033406,6,,4614.99,305212.21,3212.0,✅ Coherente
Ginebra,2025,,3,Nublado,4519.34,392087.42,3212.0,Sin datos satelitales
Guacarí,2019,0.6671908997933711,9,,15036.1,1706524.95,13210.0,✅ Coherente (Alto NDVI / Alta Area)
Guacarí,2020,0.6326319697599699,8,,15081.0,1710717.8,13250.0,✅ Coherente (Alto NDVI / Alta Area)
Guacarí,2021,,4,Nublado,15551.48,1699502.5400000003,13290.0,Sin datos satelitales
Guacarí,2022,,3,Nublado,16344.039999999999,1753065.59,13374.0,Sin datos satelitales
Guacarí,2023,0.6173301443564864,5,,15840.580000000002,1722943.9,13368.0,✅ Coherente (Alto NDVI / Alta Area)
Guacarí,2024,0.6325027938251176,6,,15809.300000000001,1723275.0,13374.0,✅ Coherente (Alto NDVI / Alta Area)
Guacarí,2025,,3,Nublado,15850.6,1724737.5,13371.0,Sin datos satelitales
Jamundí,2019,0.6074109864754852,11,,14214.5,868021.35,9258.0,✅ Coherente (Alto NDVI / Alta Area)
Jamundí,2020,0.6156604776421546,11,,14167.5,869768.5,9267.5,✅ Coherente (Alto NDVI / Alta Area)
Jamundí,2021,0.5339442234144778,7,,14285.29,1062517.53,9291.5,✅ Coherente
Jamundí,2022,0.5616874620581352,5,,14274.14,1058138.52,9293.0,✅ Coherente
Jamundí,2023,0.5931538867244864,7,,14243.34,1059064.27,9291.5,✅ Coherente
Jamundí,2024,0.5959208311416283,11,,14206.75,1057725.3599999999,9292.0,✅ Coherente
Jamundí,2025,,4,Nublado,14272.810000000001,1054762.8,9298.0,Sin datos satelitales
La Cumbre,2019,0.6257353240995757,5,,1704.6,27063.67,13.3,✅ Coherente
La Cumbre,2020,,3,Nublado,1790.7000000000003,25893.360000000004,16.8,Sin datos satelitales
La Cumbre,2021,,4,Nublado,1763.84,32487.350000000002,19.8,Sin datos satelitales
La Cumbre,2022,,1,Nublado,1876.54,38657.16,20.8,Sin datos satelitales
La Cumbre,2023,,2,Nublado,2058.07,45409.69,21.8,Sin datos satelitales
La Cumbre,2024,,1,Nublado,1954.94,45412.84,18.8,Sin datos satelitales
La Cumbre,2025,,0,Nublado,2108.75,47356.25,3.8,Sin datos satelitales
La Unión,2019,0.322794575852069,28,,4651.11,252828.45,1790.0,➖ Indeterminado
La Unión,2020,0.6596664567754029,34,,4601.709999999999,45617.33,1790.0,✅ Coherente
La Unión,2021,0.6462455078964292,22,,4566.949999999999,229136.22,1790.0,✅ Coherente
La Unión,2022,0.5014224767984146,20,,4589.720000000001,227977.27,1790.0,✅ Coherente
La Unión,2023,0.6027863390711738,21,,4640.370000000001,237804.57,1790.0,✅ Coherente
La Unión,2024,0.6131076532006282,31,,4105.1,235682.68,1807.0,✅ Coherente
La Unión,2025,0.5723206157371223,23,,4804.300000000001,253935.69,1916.0,✅ Coherente
La Victoria,2019,0.5440239654179208,28,,3371.0,185142.05,1607.0,✅ Coherente
La Victoria,2020,0.6123396339247117,34,,3293.5599999999995,186091.04,1607.0,✅ Coherente
La Victoria,2021,0.6302434710060636,22,,3143.6200000000003,178329.99000000002,1580.0,✅ Coherente
La Victoria,2022,0.6233388423445592,20,,2872.21,209163.51,1580.0,✅ Coherente
La Victoria,2023,0.6069629019315207,21,,3052.1200000000003,201863.31,1580.0,✅ Coherente
La Victoria,2024,0.5491905427765206,31,,2909.9300000000003,202048.67,1580.0,✅ Coherente
La Victoria,2025,0.6707191361884255,23,,3050.5099999999998,220468.28,1730.0,✅ Coherente
Obando,2019,0.5573639895943413,48,,9669.5,708090.1000000001,5781.0,✅ Coherente
Obando,2020,0.5990382832805202,63,,13323.0,1075867.6,8918.0,✅ Coherente
Obando,2021,0.583113808623903,33,,13268.04,1078312.21,9018.0,✅ Coherente
Obando,2022,0.6010724510139374,28,,11432.24,835640.33,7108.0,✅ Coherente (Alto NDVI / Alta Area)
Obando,2023,0.5908123515304167,35,,13175.169999999998,1037239.22,8808.5,✅ Coherente
Obando,2024,0.5988113409960204,56,,13197.059999999998,1071403.71,9103.5,✅ Coherente
Obando,2025,0.6518871696618393,38,,13127.22,1071125.4,9103.5,✅ Coherente (Alto NDVI / Alta Area)
Palmira,2019,0.5976242207887332,19,,35849.100000000006,4434312.499999999,34078.0,✅ Coherente
Palmira,2020,0.6124569350186394,22,,36082.40000000001,4430301.25,34078.0,✅ Coherente (Alto NDVI / Alta Area)
Palmira,2021,0.5660971059942832,12,,36082.02,4803860.02,34078.0,✅ Coherente
Palmira,2022,0.5250610457190251,9,,35776.74,4769933.7700000005,34078.0,✅ Coherente
Palmira,2023,0.6017380460208869,13,,36002.88,4774908.97,34078.0,✅ Coherente (Alto NDVI / Alta Area)
Palmira,2024,0.6000655682790348,22,,35996.89,4775103.47,34078.0,✅ Coherente (Alto NDVI / Alta Area)
Palmira,2025,0.6427011050257472,8,,36196.4,4789231.100000001,34168.0,✅ Coherente (Alto NDVI / Alta Area)
Pradera,2019,,0,Nublado,11289.0,1163973.8,10525.0,Sin datos satelitales
Pradera,2020,,3,Nublado,11437.0,1167086.0,10565.0,Sin datos satelitales
Pradera,2021,,0,Nublado,11394.79,1158707.76,10590.0,Sin datos satelitales
Pradera,2022,,1,Nublado,11453.350000000002,1168389.8499999999,10580.0,Sin datos satelitales
Pradera,2023,,1,Nublado,11228.310000000001,1273847.0899999999,10580.0,Sin datos satelitales
Pradera,2024,0.580814535582732,5,,11273.28,1273784.0999999999,10580.0,✅ Coherente
Pradera,2025,,1,Nublado,11303.730000000001,1274310.21,10580.0,Sin datos satelitales
Restrepo,2019,0.6451141445785186,5,,3079.4,64832.56,345.0,✅ Coherente
Restrepo,2020,,3,Nublado,2959.2,67110.7,345.0,Sin datos satelitales
Restrepo,2021,,4,Nublado,2224.02,63887.350000000006,345.0,Sin datos satelitales
Restrepo,2022,,1,Nublado,2296.38,69803.42,345.0,Sin datos satelitales
Restrepo,2023,,2,Nublado,2409.2200000000003,71152.17,350.0,Sin datos satelitales
Restrepo,2024,,1,Nublado,3013.9799999999996,74615.64,350.0,Sin datos satelitales
Restrepo,2025,,0,Nublado,3232.53,77917.45,350.0,Sin datos satelitales
Riofrío,2019,0.6131913825958156,7,,9087.5,305257.7,2641.0,✅ Coherente (Alto NDVI / Alta Area)
Riofrío,2020,0.584827992165953,5,,8924.5,303808.35000000003,2641.0,✅ Coherente
Riofrío,2021,0.7462664257235455,6,,9019.2,406202.83,2676.0,✅ Coherente (Alto NDVI / Alta Area)
Riofrío,2022,,2,Nublado,9722.25,449005.3,2976.0,Sin datos satelitales
Riofrío,2023,,2,Nublado,9702.24,448201.44,2976.0,Sin datos satelitales
Riofrío,2024,0.7214247911081898,5,,9813.529999999999,450319.27999999997,2988.0,✅ Coherente (Alto NDVI / Alta Area)
Riofrío,2025,,2,Nublado,9624.16,442604.07,2908.0,Sin datos satelitales
Roldanillo,2019,0.5872431567670302,28,,7088.41,375895.0,2734.3,✅ Coherente
Roldanillo,2020,0.6175909185548003,34,,5988.900000000001,390061.01,2901.3,✅ Coherente (Alto NDVI / Alta Area)
Roldanillo,2021,0.6310216694143669,22,,6724.760000000001,364418.34,2659.9,✅ Coherente (Alto NDVI / Alta Area)
Roldanillo,2022,0.5439121778658255,20,,7233.379999999999,372930.76,2976.3,✅ Coherente
Roldanillo,2023,0.5809794098389175,20,,6309.45,371323.62,2985.63,✅ Coherente
Roldanillo,2024,0.6206860640430125,31,,7423.670000000001,379779.98,3023.63,✅ Coherente (Alto NDVI / Alta Area)
Roldanillo,2025,0.6197668982571723,23,,7040.79,381138.97,3085.21,✅ Coherente (Alto NDVI / Alta Area)
San Pedro,2019,0.6756508976169189,9,,6621.5,642389.05,5250.0,✅ Coherente (Alto NDVI / Alta Area)
San Pedro,2020,0.6510982606171305,8,,6384.5,612074.3,4739.0,✅ Coherente (Alto NDVI / Alta Area)
San Pedro,2021,,3,Nublado,6118.67,578917.3,4769.0,Sin datos satelitales
San Pedro,2022,,3,Nublado,6752.139999999999,533784.6799999999,5555.7,Sin datos satelitales
San Pedro,2023,0.6429874307934731,5,,6778.969999999999,536100.41,5577.7,✅ Coherente (Alto NDVI / Alta Area)
San Pedro,2024,0.6343354163238192,6,,6646.759999999999,534733.24,5577.7,✅ Coherente (Alto NDVI / Alta Area)
San Pedro,2025,,3,Nublado,6768.41,549116.7799999999,5732.7,Sin datos satelitales
Sevilla,2019,0.6508328106246793,15,,11679.0,105702.3,195.0,✅ Coherente (Alto NDVI / Alta Area)
Sevilla,2020,0.5322185174121266,15,,13607.029999999999,82622.86,214.0,✅ Coherente
Sevilla,2021,0.4875401700126436,6,,12589.52,93304.67,197.0,✅ Coherente
Sevilla,2022,0.5105335204060065,8,,12777.6,196508.84,175.0,✅ Coherente
Sevilla,2023,0.5303753972085766,9,,12719.67,187190.67,175.0,✅ Coherente
Sevilla,2024,0.5121667955074862,13,,12579.59,177556.77000000002,175.0,✅ Coherente
Sevilla,2025,0.6259043458754463,9,,12801.880000000001,187469.12,175.0,✅ Coherente (Alto NDVI / Alta Area)
Toro,2019,0.3770323510455605,18,,4098.0,237742.52,2034.0,➖ Indeterminado
Toro,2020,0.6466222356207341,26,,4295.0,39357.1,2045.0,✅ Coherente
Toro,2021,0.5988904117244758,18,,4044.7,233483.46,1994.0,✅ Coherente
Toro,2022,0.5307554536368744,17,,4015.99,232555.32,1994.0,✅ Coherente
Toro,2023,0.5818050492184715,16,,4007.01,231437.97,1994.0,✅ Coherente
Toro,2024,0.5781649457243545,25,,4047.08,231443.35,1994.0,✅ Coherente
Toro,2025,0.601792118041963,20,,4126.51,255466.43,2224.0,✅ Coherente
Trujillo,2019,0.7224563246517554,7,,7835.349999999999,60205.97,141.5,✅ Coherente (Alto NDVI / Alta Area)
Trujillo,2020,0.6470335362461591,5,,8203.17,61315.079999999994,173.1,✅ Coherente (Alto NDVI / Alta Area)
Trujillo,2021,0.7000415749219567,6,,7864.27,67067.37,217.2,✅ Coherente (Alto NDVI / Alta Area)
Trujillo,2022,,2,Nublado,7910.11,76976.85999999999,240.0,Sin datos satelitales
Trujillo,2023,,2,Nublado,7974.68,75920.12,228.0,Sin datos satelitales
Trujillo,2024,0.7111204327167042,5,,8010.700000000001,79693.87999999999,257.5,✅ Coherente (Alto NDVI / Alta Area)
Trujillo,2025,,2,Nublado,8482.83,90094.37,297.5,Sin datos satelitales
Tuluá,2019,0.6389491117117383,9,,12443.5,798043.85,7004.0,✅ Coherente (Alto NDVI / Alta Area)
Tuluá,2020,0.6445053288736817,8,,13178.0,834124.21,8164.0,✅ Coherente (Alto NDVI / Alta Area)
Tuluá,2021,,4,Nublado,13055.52,766911.62,8163.0,Sin datos satelitales
Tuluá,2022,,3,Nublado,13122.59,759444.67,8152.0,Sin datos satelitales
Tuluá,2023,0.6201475807420835,5,,13128.07,840824.62,8152.0,✅ Coherente (Alto NDVI / Alta Area)
Tuluá,2024,0.616673146821108,6,,13083.92,841357.86,8148.0,✅ Coherente (Alto NDVI / Alta Area)
Tuluá,2025,,3,Nublado,13046.07,841325.75,8144.0,Sin datos satelitales
Ulloa,2019,0.6055754584374741,41,,1088.24,10375.779999999999,0.0,✅ Coherente
Ulloa,2020,0.6151586850965299,51,,1178.0,11162.349999999999,0.0,✅ Coherente
Ulloa,2021,0.6210434833729366,36,,1085.89,8328.08,0.0,✅ Coherente
Ulloa,2022,0.6359616296221017,21,,1037.0900000000001,7734.93,0.0,✅ Coherente
Ulloa,2023,0.627484084711601,38,,952.85,5805.379999999999,0.0,➖ Indeterminado
Ulloa,2024,0.6104647954262754,54,,954.56,5225.66,0.0,➖ Indeterminado
Ulloa,2025,0.6779192397622505,39,,819.98,3588.15,0.0,➖ Indeterminado
Versalles,2019,0.2877033681165564,18,,2488.7,46899.38,466.0,➖ Indeterminado
Versalles,2020,0.6954745503961266,26,,3047.5,46933.78,424.0,✅ Coherente
Versalles,2021,0.660991760940136,18,,2259.99,46370.89,429.0,✅ Coherente
Versalles,2022,0.540904743993312,17,,3342.06,54248.5,429.0,✅ Coherente
Versalles,2023,0.5966214241900171,16,,3269.24,54745.43000000001,429.0,✅ Coherente
Versalles,2024,0.6450097933590732,25,,3249.3899999999994,56408.619999999995,433.0,✅ Coherente
Versalles,2025,0.6139903979694689,20,,3244.0999999999995,57325.61,428.0,✅ Coherente
Vijes,2019,0.6249144709061619,5,,1662.3,46786.200000000004,165.0,✅ Coherente
Vijes,2020,,3,Nublado,1659.0,48327.39000000001,185.0,Sin datos satelitales
Vijes,2021,,4,Nublado,1669.29,49361.86,193.0,Sin datos satelitales
Vijes,2022,,1,Nublado,1692.07,49693.31,204.0,Sin datos satelitales
Vijes,2023,,2,Nublado,1745.71,53323.05,264.0,Sin datos satelitales
Vijes,2024,,1,Nublado,2023.05,62941.880000000005,265.0,Sin datos satelitales
Vijes,2025,,0,Nublado,2050.83,66751.7,265.0,Sin datos satelitales
Yotoco,2019,0.634851438802626,5,,4861.2,327002.25,2608.0,✅ Coherente
Yotoco,2020,,3,Nublado,5217.5,367901.68,2958.0,Sin datos satelitales
Yotoco,2021,,3,Nublado,5211.700000000001,375890.78,2958.0,Sin datos satelitales
Yotoco,2022,,1,Nublado,5120.51,373909.20999999996,2958.0,Sin datos satelitales
Yotoco,2023,,2,Nublado,5062.280000000001,373809.01,2958.0,Sin datos satelitales
Yotoco,2024,,1,Nublado,5280.65,402786.57,3208.0,Sin datos satelitales
Yotoco,2025,,0,Nublado,5252.01,338963.31999999995,3228.0,Sin datos satelitales
Yumbo,2019,0.5574550528101296,16,,2771.2700000000004,222412.28,1788.1000000000001,✅ Coherente
Yumbo,2020,0.4639791720782383,14,,2919.81,272994.47,2233.2,✅ Coherente
Yumbo,2021,0.4653478672486586,12,,2723.73,254173.67,2063.5,✅ Coherente
Yumbo,2022,0.43210682136552436,6,,2712.4399999999996,281474.82,2013.5,✅ Coherente
Yumbo,2023,0.5103926649349771,9,,2606.74,254669.66,1804.0,✅ Coherente
Yumbo,2024,0.48951594104859586,12,,2571.23,248012.6,1801.5,✅ Coherente
Yumbo,2025,,4,Nublado,2597.55,248589.92,1801.5,Sin datos satelitales
Zarzal,2019,0.6206850211829587,28,,11561.64,1256389.35,10872.0,✅ Coherente (Alto NDVI / Alta Area)
Zarzal,2020,0.6222289859811697,34,,11467.64,1254448.58,10868.26,✅ Coherente (Alto NDVI / Alta Area)
Zarzal,2021,0.6413922177461703,22,,11105.039999999997,1245918.18,10525.0,✅ Coherente (Alto NDVI / Alta Area)
Zarzal,2022,0.6312657313840018,20,,7386.69,823003.79,6825.0,✅ Coherente (Alto NDVI / Alta Area)
Zarzal,2023,0.6308897454740126,20,,9688.31,1097244.87,9112.0,✅ Coherente (Alto NDVI / Alta Area)
Zarzal,2024,0.5898371751724082,31,,17716.110000000004,2099803.97,17444.0,✅ Coherente
Zarzal,2025,0.6712480214145936,23,,17973.37,2129868.4099999997,17694.0,✅ Coherente (Alto NDVI / Alta Area)
